{
  "type": "FeatureCollection",
  "name": "Waste Sites",
  "features": [
    {
      "type": "Feature",
      "properties": {
        "Site ID": 1,
        "Governing LHN": "BHFLHN",
        "Geographical LHN": "BHFLHN",
        "Site Name": "Angaston and District Hospital",
        "Address": "29 North Street",
        "Suburb": "ANGASTON",
        "Notes": null,
        "Search Address": "Angaston and District Hospital, 29 North Street, ANGASTON",
        "Latitude": -34.503829925577,
        "Longitude": 139.053987194364
      },
      "geometry": {
        "type": "Point",
        "coordinates": [
          139.053987194364,
          -34.503829925577
        ]
      }
    },
    {
      "type": "Feature",
      "properties": {
        "Site ID": 2,
        "Governing LHN": "BHFLHN",
        "Geographical LHN": "BHFLHN",
        "Site Name": "Mount Barker Hospital",
        "Address": "87 Wellington Road",
        "Suburb": "MOUNT BARKER",
        "Notes": null,
        "Search Address": "Mount Barker Hospital, 87 Wellington Road, MOUNT BARKER",
        "Latitude": -35.0823034978649,
        "Longitude": 138.870019460947
      },
      "geometry": {
        "type": "Point",
        "coordinates": [
          138.870019460947,
          -35.0823034978649
        ]
      }
    },
    {
      "type": "Feature",
      "properties": {
        "Site ID": 3,
        "Governing LHN": "BHFLHN",
        "Geographical LHN": "BHFLHN",
        "Site Name": "Country Health Connect - Inner North",
        "Address": "16 River Road",
        "Suburb": "NURIOOTPA",
        "Notes": null,
        "Search Address": "Country Health Connect - Inner North, 16 River Road, NURIOOTPA",
        "Latitude": -34.472560174147,
        "Longitude": 139.00638010035
      },
      "geometry": {
        "type": "Point",
        "coordinates": [
          139.00638010035,
          -34.472560174147
        ]
      }
    },
    {
      "type": "Feature",
      "properties": {
        "Site ID": 4,
        "Governing LHN": "BHFLHN",
        "Geographical LHN": "BHFLHN",
        "Site Name": "Country SA PHN",
        "Address": "57 Wellington Road",
        "Suburb": "MOUNT BARKER",
        "Notes": null,
        "Search Address": "Country SA PHN, 57 Wellington Road, MOUNT BARKER",
        "Latitude": -35.0793972363676,
        "Longitude": 138.866436844983
      },
      "geometry": {
        "type": "Point",
        "coordinates": [
          138.866436844983,
          -35.0793972363676
        ]
      }
    },
    {
      "type": "Feature",
      "properties": {
        "Site ID": 5,
        "Governing LHN": "BHFLHN",
        "Geographical LHN": "BHFLHN",
        "Site Name": "Eudunda Hospital",
        "Address": "40 Ward Street",
        "Suburb": "EUDUNDA",
        "Notes": null,
        "Search Address": "Eudunda Hospital, 40 Ward Street, EUDUNDA",
        "Latitude": -34.1752640734772,
        "Longitude": 139.090508404315
      },
      "geometry": {
        "type": "Point",
        "coordinates": [
          139.090508404315,
          -34.1752640734772
        ]
      }
    },
    {
      "type": "Feature",
      "properties": {
        "Site ID": 6,
        "Governing LHN": "BHFLHN",
        "Geographical LHN": "BHFLHN",
        "Site Name": "Gawler Health Service",
        "Address": "Hutchinson Road",
        "Suburb": "GAWLER",
        "Notes": null,
        "Search Address": "Gawler Health Service, Hutchinson Road, GAWLER",
        "Latitude": -34.5932596224213,
        "Longitude": 138.755162993096
      },
      "geometry": {
        "type": "Point",
        "coordinates": [
          138.755162993096,
          -34.5932596224213
        ]
      }
    },
    {
      "type": "Feature",
      "properties": {
        "Site ID": 7,
        "Governing LHN": "BHFLHN",
        "Geographical LHN": "BHFLHN",
        "Site Name": "Gumeracha District Soldiers Memorial Hospital",
        "Address": "2 Albert Street",
        "Suburb": "GUMERACHA",
        "Notes": null,
        "Search Address": "Gumeracha District Soldiers Memorial Hospital, 2 Albert Street, GUMERACHA",
        "Latitude": -34.8262464468871,
        "Longitude": 138.881878998183
      },
      "geometry": {
        "type": "Point",
        "coordinates": [
          138.881878998183,
          -34.8262464468871
        ]
      }
    },
    {
      "type": "Feature",
      "properties": {
        "Site ID": 8,
        "Governing LHN": "BHFLHN",
        "Geographical LHN": "BHFLHN",
        "Site Name": "Kangaroo Island Health Service",
        "Address": "Esplanade",
        "Suburb": "KINGSCOTE",
        "Notes": null,
        "Search Address": "Kangaroo Island Health Service, Esplanade, KINGSCOTE",
        "Latitude": -35.6528094110138,
        "Longitude": 137.641305805644
      },
      "geometry": {
        "type": "Point",
        "coordinates": [
          137.641305805644,
          -35.6528094110138
        ]
      }
    },
    {
      "type": "Feature",
      "properties": {
        "Site ID": 9,
        "Governing LHN": "BHFLHN",
        "Geographical LHN": "BHFLHN",
        "Site Name": "Kapunda Hospital ",
        "Address": "24-30 Nash Street",
        "Suburb": "KAPUNDA",
        "Notes": null,
        "Search Address": "Kapunda Hospital , 24-30 Nash Street, KAPUNDA",
        "Latitude": -34.3305219473471,
        "Longitude": 138.921903230025
      },
      "geometry": {
        "type": "Point",
        "coordinates": [
          138.921903230025,
          -34.3305219473471
        ]
      }
    },
    {
      "type": "Feature",
      "properties": {
        "Site ID": 10,
        "Governing LHN": "BHFLHN",
        "Geographical LHN": "BHFLHN",
        "Site Name": "Mount Pleasant District Hospital",
        "Address": "28 Hospital Road",
        "Suburb": "MOUNT PLEASANT",
        "Notes": null,
        "Search Address": "Mount Pleasant District Hospital, 28 Hospital Road, MOUNT PLEASANT",
        "Latitude": -34.7739223088982,
        "Longitude": 139.054577076209
      },
      "geometry": {
        "type": "Point",
        "coordinates": [
          139.054577076209,
          -34.7739223088982
        ]
      }
    },
    {
      "type": "Feature",
      "properties": {
        "Site ID": 11,
        "Governing LHN": "BHFLHN",
        "Geographical LHN": "BHFLHN",
        "Site Name": "Rural Support Service - Tanunda",
        "Address": "Suite 3, 30-38, Tanunda Road ",
        "Suburb": "NURIOOTPA",
        "Notes": null,
        "Search Address": "Rural Support Service - Tanunda, Suite 3, 30-38, Tanunda Road , NURIOOTPA",
        "Latitude": -34.4819055659863,
        "Longitude": 138.990753790747
      },
      "geometry": {
        "type": "Point",
        "coordinates": [
          138.990753790747,
          -34.4819055659863
        ]
      }
    },
    {
      "type": "Feature",
      "properties": {
        "Site ID": 12,
        "Governing LHN": "BHFLHN",
        "Geographical LHN": "BHFLHN",
        "Site Name": "Strathalbyn and District Health Service",
        "Address": "14 Alfred Place",
        "Suburb": "STRATHALBYN",
        "Notes": null,
        "Search Address": "Strathalbyn and District Health Service, 14 Alfred Place, STRATHALBYN",
        "Latitude": -35.2576047329231,
        "Longitude": 138.893432226839
      },
      "geometry": {
        "type": "Point",
        "coordinates": [
          138.893432226839,
          -35.2576047329231
        ]
      }
    },
    {
      "type": "Feature",
      "properties": {
        "Site ID": 13,
        "Governing LHN": "BHFLHN",
        "Geographical LHN": "BHFLHN",
        "Site Name": "Tanunda War Memorial Hospital",
        "Address": "15 Mill Street",
        "Suburb": "TANUNDA",
        "Notes": null,
        "Search Address": "Tanunda War Memorial Hospital, 15 Mill Street, TANUNDA",
        "Latitude": -34.5279043838374,
        "Longitude": 138.96089058829
      },
      "geometry": {
        "type": "Point",
        "coordinates": [
          138.96089058829,
          -34.5279043838374
        ]
      }
    },
    {
      "type": "Feature",
      "properties": {
        "Site ID": 14,
        "Governing LHN": "BHFLHN",
        "Geographical LHN": "BHFLHN",
        "Site Name": "Victor Harbor Hospital (Southern Fleurieu Health Service)",
        "Address": "Bay Road",
        "Suburb": "VICTOR HARBOR",
        "Notes": null,
        "Search Address": "Victor Harbor Hospital (Southern Fleurieu Health Service), Bay Road, VICTOR HARBOR",
        "Latitude": -35.5612742454498,
        "Longitude": 138.607282539264
      },
      "geometry": {
        "type": "Point",
        "coordinates": [
          138.607282539264,
          -35.5612742454498
        ]
      }
    },
    {
      "type": "Feature",
      "properties": {
        "Site ID": 15,
        "Governing LHN": "CALHN",
        "Geographical LHN": "CALHN",
        "Site Name": "Adelaide Sexual Health Centre",
        "Address": "260 Currie Street",
        "Suburb": "ADELAIDE",
        "Notes": null,
        "Search Address": "Adelaide Sexual Health Centre, 260 Currie Street, ADELAIDE",
        "Latitude": -34.9245652717837,
        "Longitude": 138.58859287322
      },
      "geometry": {
        "type": "Point",
        "coordinates": [
          138.58859287322,
          -34.9245652717837
        ]
      }
    },
    {
      "type": "Feature",
      "properties": {
        "Site ID": 16,
        "Governing LHN": "CALHN",
        "Geographical LHN": "CALHN",
        "Site Name": "Basil Hetzel Institute - QEH Research",
        "Address": "BHI Building, 33A Woodville Road",
        "Suburb": "WOODVILLE",
        "Notes": null,
        "Search Address": "Basil Hetzel Institute - QEH Research, BHI Building, 33A Woodville Road, WOODVILLE",
        "Latitude": -34.8814929751946,
        "Longitude": 138.53407359653
      },
      "geometry": {
        "type": "Point",
        "coordinates": [
          138.53407359653,
          -34.8814929751946
        ]
      }
    },
    {
      "type": "Feature",
      "properties": {
        "Site ID": 17,
        "Governing LHN": "CALHN",
        "Geographical LHN": "NALHN",
        "Site Name": "CALHN Integrated Care",
        "Address": "Northwood Plaza, 5/221 Main Road",
        "Suburb": "SEFTON PARK",
        "Notes": null,
        "Search Address": "CALHN Integrated Care, Northwood Plaza, 5/221 Main Road, SEFTON PARK",
        "Latitude": -34.8774612113051,
        "Longitude": 138.602842103012
      },
      "geometry": {
        "type": "Point",
        "coordinates": [
          138.602842103012,
          -34.8774612113051
        ]
      }
    },
    {
      "type": "Feature",
      "properties": {
        "Site ID": 18,
        "Governing LHN": "CALHN",
        "Geographical LHN": "CALHN",
        "Site Name": "Centre for Treatment of Anxiety and Depression",
        "Address": "30 Anderson Street",
        "Suburb": "THEBARTON",
        "Notes": null,
        "Search Address": "Centre for Treatment of Anxiety and Depression, 30 Anderson Street, THEBARTON",
        "Latitude": -34.9119083313979,
        "Longitude": 138.573218078858
      },
      "geometry": {
        "type": "Point",
        "coordinates": [
          138.573218078858,
          -34.9119083313979
        ]
      }
    },
    {
      "type": "Feature",
      "properties": {
        "Site ID": 19,
        "Governing LHN": "CALHN",
        "Geographical LHN": "CALHN",
        "Site Name": "Eastern Community Mental Health Centre",
        "Address": "172 Glynburn Road",
        "Suburb": "TRANMERE",
        "Notes": null,
        "Search Address": "Eastern Community Mental Health Centre, 172 Glynburn Road, TRANMERE",
        "Latitude": -34.9022527542423,
        "Longitude": 138.658005353302
      },
      "geometry": {
        "type": "Point",
        "coordinates": [
          138.658005353302,
          -34.9022527542423
        ]
      }
    },
    {
      "type": "Feature",
      "properties": {
        "Site ID": 20,
        "Governing LHN": "CALHN",
        "Geographical LHN": "CALHN",
        "Site Name": "Glenside Health Services",
        "Address": "226 Fullarton Road",
        "Suburb": "GLENSIDE",
        "Notes": null,
        "Search Address": "Glenside Health Services, 226 Fullarton Road, GLENSIDE",
        "Latitude": -34.9449136823701,
        "Longitude": 138.627232370095
      },
      "geometry": {
        "type": "Point",
        "coordinates": [
          138.627232370095,
          -34.9449136823701
        ]
      }
    },
    {
      "type": "Feature",
      "properties": {
        "Site ID": 21,
        "Governing LHN": "CALHN",
        "Geographical LHN": "CALHN",
        "Site Name": "Glenside Health Services",
        "Address": "2 Karrayarta Drive",
        "Suburb": "GLENSIDE",
        "Notes": null,
        "Search Address": "Glenside Health Services, 2 Karrayarta Drive, GLENSIDE",
        "Latitude": -34.9450082892982,
        "Longitude": 138.627142987882
      },
      "geometry": {
        "type": "Point",
        "coordinates": [
          138.627142987882,
          -34.9450082892982
        ]
      }
    },
    {
      "type": "Feature",
      "properties": {
        "Site ID": 22,
        "Governing LHN": "CALHN",
        "Geographical LHN": "NALHN",
        "Site Name": "Hampstead Rehabilitation Centre",
        "Address": "207-255 Hampstead Road",
        "Suburb": "NORTHFIELD",
        "Notes": null,
        "Search Address": "Hampstead Rehabilitation Centre, 207-255 Hampstead Road, NORTHFIELD",
        "Latitude": -34.8611240209229,
        "Longitude": 138.618669658663
      },
      "geometry": {
        "type": "Point",
        "coordinates": [
          138.618669658663,
          -34.8611240209229
        ]
      }
    },
    {
      "type": "Feature",
      "properties": {
        "Site ID": 23,
        "Governing LHN": "CALHN",
        "Geographical LHN": "NALHN",
        "Site Name": "Hampstead Dialysis Centre",
        "Address": "237 Hampstead Road",
        "Suburb": "LIGHTSVIEW",
        "Notes": null,
        "Search Address": "Hampstead Dialysis Centre, 237 Hampstead Road, LIGHTSVIEW",
        "Latitude": -34.8599998872235,
        "Longitude": 138.618604998281
      },
      "geometry": {
        "type": "Point",
        "coordinates": [
          138.618604998281,
          -34.8599998872235
        ]
      }
    },
    {
      "type": "Feature",
      "properties": {
        "Site ID": 24,
        "Governing LHN": "CALHN",
        "Geographical LHN": "CALHN",
        "Site Name": "O'Brien Street Practice",
        "Address": "17 Obrien Street",
        "Suburb": "ADELAIDE",
        "Notes": null,
        "Search Address": "O'Brien Street Practice, 17 Obrien Street, ADELAIDE",
        "Latitude": -34.9339858561917,
        "Longitude": 138.589432859392
      },
      "geometry": {
        "type": "Point",
        "coordinates": [
          138.589432859392,
          -34.9339858561917
        ]
      }
    },
    {
      "type": "Feature",
      "properties": {
        "Site ID": 25,
        "Governing LHN": "CALHN",
        "Geographical LHN": "CALHN",
        "Site Name": "Older Persons Mental Health Services - Eastern Community ",
        "Address": "367A Magill Road",
        "Suburb": "ST MORRIS",
        "Notes": null,
        "Search Address": "Older Persons Mental Health Services - Eastern Community , 367A Magill Road, ST MORRIS",
        "Latitude": -34.9139940604059,
        "Longitude": 138.651245358401
      },
      "geometry": {
        "type": "Point",
        "coordinates": [
          138.651245358401,
          -34.9139940604059
        ]
      }
    },
    {
      "type": "Feature",
      "properties": {
        "Site ID": 26,
        "Governing LHN": "CALHN",
        "Geographical LHN": "CALHN",
        "Site Name": "Older Persons Mental Health Services - Western Community ",
        "Address": "308-320 Grange Road",
        "Suburb": "KIDMAN PARK",
        "Notes": null,
        "Search Address": "Older Persons Mental Health Services - Western Community , 308-320 Grange Road, KIDMAN PARK",
        "Latitude": -34.9061565020279,
        "Longitude": 138.531502648662
      },
      "geometry": {
        "type": "Point",
        "coordinates": [
          138.531502648662,
          -34.9061565020279
        ]
      }
    },
    {
      "type": "Feature",
      "properties": {
        "Site ID": 27,
        "Governing LHN": "CALHN",
        "Geographical LHN": "CALHN",
        "Site Name": "Parkwynd",
        "Address": " 137 East Terrace",
        "Suburb": "ADELAIDE",
        "Notes": null,
        "Search Address": "Parkwynd,  137 East Terrace, ADELAIDE",
        "Latitude": -34.928204436734,
        "Longitude": 138.614253763929
      },
      "geometry": {
        "type": "Point",
        "coordinates": [
          138.614253763929,
          -34.928204436734
        ]
      }
    },
    {
      "type": "Feature",
      "properties": {
        "Site ID": 28,
        "Governing LHN": "CALHN",
        "Geographical LHN": "CALHN",
        "Site Name": "Pregnancy Advisory Centre",
        "Address": "707 Port Road",
        "Suburb": "WOODVILLE PARK",
        "Notes": null,
        "Search Address": "Pregnancy Advisory Centre, 707 Port Road, WOODVILLE PARK",
        "Latitude": -34.8847670893218,
        "Longitude": 138.542187988281
      },
      "geometry": {
        "type": "Point",
        "coordinates": [
          138.542187988281,
          -34.8847670893218
        ]
      }
    },
    {
      "type": "Feature",
      "properties": {
        "Site ID": 29,
        "Governing LHN": "CALHN",
        "Geographical LHN": "CALHN",
        "Site Name": "Primary Health Care Services",
        "Address": "21 Market Street",
        "Suburb": "ADELAIDE",
        "Notes": null,
        "Search Address": "Primary Health Care Services, 21 Market Street, ADELAIDE",
        "Latitude": -34.9310072570031,
        "Longitude": 138.597436650412
      },
      "geometry": {
        "type": "Point",
        "coordinates": [
          138.597436650412,
          -34.9310072570031
        ]
      }
    },
    {
      "type": "Feature",
      "properties": {
        "Site ID": 30,
        "Governing LHN": "CALHN",
        "Geographical LHN": "CALHN",
        "Site Name": "Refugee Health Service",
        "Address": "21 Market Street",
        "Suburb": "ADELAIDE",
        "Notes": null,
        "Search Address": "Refugee Health Service, 21 Market Street, ADELAIDE",
        "Latitude": -34.930998599314,
        "Longitude": 138.597431135456
      },
      "geometry": {
        "type": "Point",
        "coordinates": [
          138.597431135456,
          -34.930998599314
        ]
      }
    },
    {
      "type": "Feature",
      "properties": {
        "Site ID": 31,
        "Governing LHN": "CALHN",
        "Geographical LHN": "CALHN",
        "Site Name": "Remote Mental Health Service - Glenside Health Service",
        "Address": "Unit 2/257 Fullarton Road",
        "Suburb": "PARKSIDE",
        "Notes": null,
        "Search Address": "Remote Mental Health Service - Glenside Health Service, Unit 2/257 Fullarton Road, PARKSIDE",
        "Latitude": -34.9448283340596,
        "Longitude": 138.628496002728
      },
      "geometry": {
        "type": "Point",
        "coordinates": [
          138.628496002728,
          -34.9448283340596
        ]
      }
    },
    {
      "type": "Feature",
      "properties": {
        "Site ID": 32,
        "Governing LHN": "CALHN",
        "Geographical LHN": "CALHN",
        "Site Name": "Royal Adelaide Hospital",
        "Address": "George Street",
        "Suburb": "ADELAIDE",
        "Notes": null,
        "Search Address": "Royal Adelaide Hospital, George Street, ADELAIDE",
        "Latitude": -34.9210269840323,
        "Longitude": 138.587238804373
      },
      "geometry": {
        "type": "Point",
        "coordinates": [
          138.587238804373,
          -34.9210269840323
        ]
      }
    },
    {
      "type": "Feature",
      "properties": {
        "Site ID": 33,
        "Governing LHN": "CALHN",
        "Geographical LHN": "CALHN",
        "Site Name": "RAH - Adelaide Day Centre",
        "Address": "21 North Terrace",
        "Suburb": "ADELAIDE",
        "Notes": null,
        "Search Address": "RAH - Adelaide Day Centre, 21 North Terrace, ADELAIDE",
        "Latitude": -34.9222790479008,
        "Longitude": 138.588984281514
      },
      "geometry": {
        "type": "Point",
        "coordinates": [
          138.588984281514,
          -34.9222790479008
        ]
      }
    },
    {
      "type": "Feature",
      "properties": {
        "Site ID": 34,
        "Governing LHN": "CALHN",
        "Geographical LHN": "CALHN",
        "Site Name": "St Margaret's Hospital",
        "Address": "65 Military Road",
        "Suburb": "SEMAPHORE SOUTH",
        "Notes": null,
        "Search Address": "St Margaret's Hospital, 65 Military Road, SEMAPHORE SOUTH",
        "Latitude": -34.8465726778601,
        "Longitude": 138.480770540333
      },
      "geometry": {
        "type": "Point",
        "coordinates": [
          138.480770540333,
          -34.8465726778601
        ]
      }
    },
    {
      "type": "Feature",
      "properties": {
        "Site ID": 35,
        "Governing LHN": "CALHN",
        "Geographical LHN": "CALHN",
        "Site Name": "The Queen Elizabeth Hospital",
        "Address": "28 Woodville Road",
        "Suburb": "WOODVILLE",
        "Notes": null,
        "Search Address": "The Queen Elizabeth Hospital, 28 Woodville Road, WOODVILLE",
        "Latitude": -34.8837400108992,
        "Longitude": 138.533074279508
      },
      "geometry": {
        "type": "Point",
        "coordinates": [
          138.533074279508,
          -34.8837400108992
        ]
      }
    },
    {
      "type": "Feature",
      "properties": {
        "Site ID": 36,
        "Governing LHN": "CALHN",
        "Geographical LHN": "CALHN",
        "Site Name": "The Queen Elizabeth Hospital",
        "Address": "37A Woodville Road",
        "Suburb": "WOODVILLE",
        "Notes": null,
        "Search Address": "The Queen Elizabeth Hospital, 37A Woodville Road, WOODVILLE",
        "Latitude": -34.8832825829503,
        "Longitude": 138.533417458809
      },
      "geometry": {
        "type": "Point",
        "coordinates": [
          138.533417458809,
          -34.8832825829503
        ]
      }
    },
    {
      "type": "Feature",
      "properties": {
        "Site ID": 37,
        "Governing LHN": "CALHN",
        "Geographical LHN": "CALHN",
        "Site Name": "Western Community Mental Health",
        "Address": "57 Woodville Road",
        "Suburb": "WOODVILLE",
        "Notes": null,
        "Search Address": "Western Community Mental Health, 57 Woodville Road, WOODVILLE",
        "Latitude": -34.8790842683123,
        "Longitude": 138.536577940334
      },
      "geometry": {
        "type": "Point",
        "coordinates": [
          138.536577940334,
          -34.8790842683123
        ]
      }
    },
    {
      "type": "Feature",
      "properties": {
        "Site ID": 38,
        "Governing LHN": "CALHN",
        "Geographical LHN": "CALHN",
        "Site Name": "Western Intermediate Care Centre",
        "Address": "94-102 Webb Street",
        "Suburb": "QUEENSTOWN",
        "Notes": null,
        "Search Address": "Western Intermediate Care Centre, 94-102 Webb Street, QUEENSTOWN",
        "Latitude": -34.8548975381357,
        "Longitude": 138.508837801358
      },
      "geometry": {
        "type": "Point",
        "coordinates": [
          138.508837801358,
          -34.8548975381357
        ]
      }
    },
    {
      "type": "Feature",
      "properties": {
        "Site ID": 39,
        "Governing LHN": "CALHN",
        "Geographical LHN": "FUNLHN",
        "Site Name": "Port Augusta Hospital and Regional Health Service",
        "Address": "71 Hospital Road",
        "Suburb": "PORT AUGUSTA",
        "Notes": null,
        "Search Address": "Port Augusta Hospital and Regional Health Service, 71 Hospital Road, PORT AUGUSTA",
        "Latitude": -32.5100643414636,
        "Longitude": 137.775886769893
      },
      "geometry": {
        "type": "Point",
        "coordinates": [
          137.775886769893,
          -32.5100643414636
        ]
      }
    },
    {
      "type": "Feature",
      "properties": {
        "Site ID": 40,
        "Governing LHN": "CALHN",
        "Geographical LHN": "NALHN",
        "Site Name": "Forensic Mental Health - James Nash House",
        "Address": "140 Hilltop Road",
        "Suburb": "OAKDEN",
        "Notes": null,
        "Search Address": "Forensic Mental Health - James Nash House, 140 Hilltop Road, OAKDEN",
        "Latitude": -34.8501196098177,
        "Longitude": 138.637142769169
      },
      "geometry": {
        "type": "Point",
        "coordinates": [
          138.637142769169,
          -34.8501196098177
        ]
      }
    },
    {
      "type": "Feature",
      "properties": {
        "Site ID": 41,
        "Governing LHN": "CALHN",
        "Geographical LHN": "SALHN",
        "Site Name": "Statewide Rehabilitation Services - Repat",
        "Address": "216 Daws Road",
        "Suburb": "DAW PARK",
        "Notes": null,
        "Search Address": "Statewide Rehabilitation Services - Repat, 216 Daws Road, DAW PARK",
        "Latitude": -34.991706969584,
        "Longitude": 138.590117545234
      },
      "geometry": {
        "type": "Point",
        "coordinates": [
          138.590117545234,
          -34.991706969584
        ]
      }
    },
    {
      "type": "Feature",
      "properties": {
        "Site ID": 42,
        "Governing LHN": "CALHN",
        "Geographical LHN": "BHFLHN",
        "Site Name": "SA Dental - Evanston",
        "Address": "20 Para Road",
        "Suburb": "EVANSTON",
        "Notes": null,
        "Search Address": "SA Dental - Evanston, 20 Para Road, EVANSTON",
        "Latitude": -34.6162362757726,
        "Longitude": 138.733975406563
      },
      "geometry": {
        "type": "Point",
        "coordinates": [
          138.733975406563,
          -34.6162362757726
        ]
      }
    },
    {
      "type": "Feature",
      "properties": {
        "Site ID": 43,
        "Governing LHN": "CALHN",
        "Geographical LHN": "BHFLHN",
        "Site Name": "SA Dental - Gawler",
        "Address": "21 Hutchinson Road",
        "Suburb": "GAWLER EAST",
        "Notes": null,
        "Search Address": "SA Dental - Gawler, 21 Hutchinson Road, GAWLER EAST",
        "Latitude": -34.5934074949834,
        "Longitude": 138.75517384748
      },
      "geometry": {
        "type": "Point",
        "coordinates": [
          138.75517384748,
          -34.5934074949834
        ]
      }
    },
    {
      "type": "Feature",
      "properties": {
        "Site ID": 44,
        "Governing LHN": "CALHN",
        "Geographical LHN": "BHFLHN",
        "Site Name": "SA Dental - Mt Barker CDS",
        "Address": "Mt Barker District Hospital, Wellington Road",
        "Suburb": "MOUNT BARKER",
        "Notes": null,
        "Search Address": "SA Dental - Mt Barker CDS, Mt Barker District Hospital, Wellington Road, MOUNT BARKER",
        "Latitude": -35.0823023366109,
        "Longitude": 138.870017851609
      },
      "geometry": {
        "type": "Point",
        "coordinates": [
          138.870017851609,
          -35.0823023366109
        ]
      }
    },
    {
      "type": "Feature",
      "properties": {
        "Site ID": 45,
        "Governing LHN": "CALHN",
        "Geographical LHN": "BHFLHN",
        "Site Name": "SA Dental - Mt Barker SDS",
        "Address": "87 Wellington Road",
        "Suburb": "MOUNT BARKER",
        "Notes": null,
        "Search Address": "SA Dental - Mt Barker SDS, 87 Wellington Road, MOUNT BARKER",
        "Latitude": -35.0815960970242,
        "Longitude": 138.869845609852
      },
      "geometry": {
        "type": "Point",
        "coordinates": [
          138.869845609852,
          -35.0815960970242
        ]
      }
    },
    {
      "type": "Feature",
      "properties": {
        "Site ID": 46,
        "Governing LHN": "CALHN",
        "Geographical LHN": "BHFLHN",
        "Site Name": "SA Dental - Mt Barker SDS",
        "Address": "Mt Barker Primary School, Dumas Street",
        "Suburb": "MOUNT BARKER",
        "Notes": null,
        "Search Address": "SA Dental - Mt Barker SDS, Mt Barker Primary School, Dumas Street, MOUNT BARKER",
        "Latitude": -35.0681548743553,
        "Longitude": 138.853380270453
      },
      "geometry": {
        "type": "Point",
        "coordinates": [
          138.853380270453,
          -35.0681548743553
        ]
      }
    },
    {
      "type": "Feature",
      "properties": {
        "Site ID": 47,
        "Governing LHN": "CALHN",
        "Geographical LHN": "BHFLHN",
        "Site Name": "SA Dental - Victor Harbor",
        "Address": "South Coast District Hospital, Bay Road",
        "Suburb": "VICTOR HARBOR",
        "Notes": null,
        "Search Address": "SA Dental - Victor Harbor, South Coast District Hospital, Bay Road, VICTOR HARBOR",
        "Latitude": -35.5608546537311,
        "Longitude": 138.607387759639
      },
      "geometry": {
        "type": "Point",
        "coordinates": [
          138.607387759639,
          -35.5608546537311
        ]
      }
    },
    {
      "type": "Feature",
      "properties": {
        "Site ID": 48,
        "Governing LHN": "CALHN",
        "Geographical LHN": "BHFLHN",
        "Site Name": "SA Dental - Victor Harbor",
        "Address": "C/- South Coast District Hospital, Bay Road",
        "Suburb": "VICTOR HARBOR",
        "Notes": null,
        "Search Address": "SA Dental - Victor Harbor, C/- South Coast District Hospital, Bay Road, VICTOR HARBOR",
        "Latitude": -35.5608494703992,
        "Longitude": 138.607388717666
      },
      "geometry": {
        "type": "Point",
        "coordinates": [
          138.607388717666,
          -35.5608494703992
        ]
      }
    },
    {
      "type": "Feature",
      "properties": {
        "Site ID": 49,
        "Governing LHN": "CALHN",
        "Geographical LHN": "CALHN",
        "Site Name": "SA Dental - Adelaide Dental Hospital",
        "Address": "Corner North Terrace and George Street",
        "Suburb": "ADELAIDE",
        "Notes": null,
        "Search Address": "SA Dental - Adelaide Dental Hospital, Corner North Terrace and George Street, ADELAIDE",
        "Latitude": -34.9216657203134,
        "Longitude": 138.591248674848
      },
      "geometry": {
        "type": "Point",
        "coordinates": [
          138.591248674848,
          -34.9216657203134
        ]
      }
    },
    {
      "type": "Feature",
      "properties": {
        "Site ID": 50,
        "Governing LHN": "CALHN",
        "Geographical LHN": "CALHN",
        "Site Name": "SA Dental - Fulham Gardens",
        "Address": "Fulham Gardens Primary School, Mitton Avenue",
        "Suburb": "HENLEY BEACH",
        "Notes": null,
        "Search Address": "SA Dental - Fulham Gardens, Fulham Gardens Primary School, Mitton Avenue, HENLEY BEACH",
        "Latitude": -34.9127858784918,
        "Longitude": 138.504179118492
      },
      "geometry": {
        "type": "Point",
        "coordinates": [
          138.504179118492,
          -34.9127858784918
        ]
      }
    },
    {
      "type": "Feature",
      "properties": {
        "Site ID": 51,
        "Governing LHN": "CALHN",
        "Geographical LHN": "CALHN",
        "Site Name": "SA Dental - Hendon",
        "Address": "Hendon Primary School, North Parade",
        "Suburb": "ROYAL PARK",
        "Notes": null,
        "Search Address": "SA Dental - Hendon, Hendon Primary School, North Parade, ROYAL PARK",
        "Latitude": -34.8789535688359,
        "Longitude": 138.510905432594
      },
      "geometry": {
        "type": "Point",
        "coordinates": [
          138.510905432594,
          -34.8789535688359
        ]
      }
    },
    {
      "type": "Feature",
      "properties": {
        "Site ID": 52,
        "Governing LHN": "CALHN",
        "Geographical LHN": "CALHN",
        "Site Name": "SA Dental - Linden Park",
        "Address": "Linden Park Primary School, 5 Highfield Avenue",
        "Suburb": "ST GEORGES",
        "Notes": null,
        "Search Address": "SA Dental - Linden Park, Linden Park Primary School, 5 Highfield Avenue, ST GEORGES",
        "Latitude": -34.9482072338248,
        "Longitude": 138.644563822702
      },
      "geometry": {
        "type": "Point",
        "coordinates": [
          138.644563822702,
          -34.9482072338248
        ]
      }
    },
    {
      "type": "Feature",
      "properties": {
        "Site ID": 53,
        "Governing LHN": "CALHN",
        "Geographical LHN": "CALHN",
        "Site Name": "SA Dental - Magill",
        "Address": "Magill Primary School, Park Street",
        "Suburb": "MAGILL",
        "Notes": null,
        "Search Address": "SA Dental - Magill, Magill Primary School, Park Street, MAGILL",
        "Latitude": -34.913980875123,
        "Longitude": 138.679209952613
      },
      "geometry": {
        "type": "Point",
        "coordinates": [
          138.679209952613,
          -34.913980875123
        ]
      }
    },
    {
      "type": "Feature",
      "properties": {
        "Site ID": 54,
        "Governing LHN": "CALHN",
        "Geographical LHN": "CALHN",
        "Site Name": "SA Dental - Marleston",
        "Address": "229B Marion Road",
        "Suburb": "MARLESTON",
        "Notes": null,
        "Search Address": "SA Dental - Marleston, 229B Marion Road, MARLESTON",
        "Latitude": -34.94504112496,
        "Longitude": 138.554173208608
      },
      "geometry": {
        "type": "Point",
        "coordinates": [
          138.554173208608,
          -34.94504112496
        ]
      }
    },
    {
      "type": "Feature",
      "properties": {
        "Site ID": 55,
        "Governing LHN": "CALHN",
        "Geographical LHN": "NALHN",
        "Site Name": "SA Dental - Northfield Adelaide Women's Prison",
        "Address": "Grand Junction Road",
        "Suburb": "NORTHFIELD",
        "Notes": null,
        "Search Address": "SA Dental - Northfield Adelaide Women's Prison, Grand Junction Road, NORTHFIELD",
        "Latitude": -34.8453738389882,
        "Longitude": 138.64157040404
      },
      "geometry": {
        "type": "Point",
        "coordinates": [
          138.64157040404,
          -34.8453738389882
        ]
      }
    },
    {
      "type": "Feature",
      "properties": {
        "Site ID": 56,
        "Governing LHN": "CALHN",
        "Geographical LHN": "CALHN",
        "Site Name": "SA Dental - Pennington",
        "Address": "Pennington Primary School, Butler Avenue",
        "Suburb": "PENNINGTON",
        "Notes": null,
        "Search Address": "SA Dental - Pennington, Pennington Primary School, Butler Avenue, PENNINGTON",
        "Latitude": -34.8570072341235,
        "Longitude": 138.532616153825
      },
      "geometry": {
        "type": "Point",
        "coordinates": [
          138.532616153825,
          -34.8570072341235
        ]
      }
    },
    {
      "type": "Feature",
      "properties": {
        "Site ID": 57,
        "Governing LHN": "CALHN",
        "Geographical LHN": "CALHN",
        "Site Name": "SA Dental - Prospect",
        "Address": "Prospect Primary School, Burrage Place",
        "Suburb": "PROSPECT",
        "Notes": null,
        "Search Address": "SA Dental - Prospect, Prospect Primary School, Burrage Place, PROSPECT",
        "Latitude": -34.884408461475,
        "Longitude": 138.590829986695
      },
      "geometry": {
        "type": "Point",
        "coordinates": [
          138.590829986695,
          -34.884408461475
        ]
      }
    },
    {
      "type": "Feature",
      "properties": {
        "Site ID": 58,
        "Governing LHN": "CALHN",
        "Geographical LHN": "CALHN",
        "Site Name": "SA Dental - Pt Adelaide",
        "Address": "Wonggangga Turtpandi, Cnr Dale & Church Streets",
        "Suburb": "PORT ADELAIDE",
        "Notes": null,
        "Search Address": "SA Dental - Pt Adelaide, Wonggangga Turtpandi, Cnr Dale & Church Streets, PORT ADELAIDE",
        "Latitude": -34.8469409862705,
        "Longitude": 138.502748040976
      },
      "geometry": {
        "type": "Point",
        "coordinates": [
          138.502748040976,
          -34.8469409862705
        ]
      }
    },
    {
      "type": "Feature",
      "properties": {
        "Site ID": 59,
        "Governing LHN": "CALHN",
        "Geographical LHN": "NALHN",
        "Site Name": "SA Dental - Yatala Prison",
        "Address": "1 Peter Brown Drive",
        "Suburb": "NORTHFIELD",
        "Notes": null,
        "Search Address": "SA Dental - Yatala Prison, 1 Peter Brown Drive, NORTHFIELD",
        "Latitude": -34.8470398725263,
        "Longitude": 138.627727944801
      },
      "geometry": {
        "type": "Point",
        "coordinates": [
          138.627727944801,
          -34.8470398725263
        ]
      }
    },
    {
      "type": "Feature",
      "properties": {
        "Site ID": 60,
        "Governing LHN": "CALHN",
        "Geographical LHN": "FUNLHN",
        "Site Name": "SA Dental - Pt Augusta",
        "Address": "Flinders Terrace Health Centre, 36 Flinders Terrace",
        "Suburb": "PORT AUGUSTA",
        "Notes": null,
        "Search Address": "SA Dental - Pt Augusta, Flinders Terrace Health Centre, 36 Flinders Terrace, PORT AUGUSTA",
        "Latitude": -32.4931891775257,
        "Longitude": 137.765414775141
      },
      "geometry": {
        "type": "Point",
        "coordinates": [
          137.765414775141,
          -32.4931891775257
        ]
      }
    },
    {
      "type": "Feature",
      "properties": {
        "Site ID": 61,
        "Governing LHN": "CALHN",
        "Geographical LHN": "FUNLHN",
        "Site Name": "SA Dental - Pt Augusta Prison",
        "Address": "Augusta Highway",
        "Suburb": "PORT AUGUSTA",
        "Notes": null,
        "Search Address": "SA Dental - Pt Augusta Prison, Augusta Highway, PORT AUGUSTA",
        "Latitude": -32.5136263145579,
        "Longitude": 137.813010250739
      },
      "geometry": {
        "type": "Point",
        "coordinates": [
          137.813010250739,
          -32.5136263145579
        ]
      }
    },
    {
      "type": "Feature",
      "properties": {
        "Site ID": 62,
        "Governing LHN": "CALHN",
        "Geographical LHN": "FUNLHN",
        "Site Name": "SA Dental - Whyalla",
        "Address": "111 Nicolson Avenue",
        "Suburb": "WHYALLA NORRIE",
        "Notes": null,
        "Search Address": "SA Dental - Whyalla, 111 Nicolson Avenue, WHYALLA NORRIE",
        "Latitude": -33.0292315301602,
        "Longitude": 137.54668139813
      },
      "geometry": {
        "type": "Point",
        "coordinates": [
          137.54668139813,
          -33.0292315301602
        ]
      }
    },
    {
      "type": "Feature",
      "properties": {
        "Site ID": 63,
        "Governing LHN": "CALHN",
        "Geographical LHN": "LCLHN",
        "Site Name": "SA Dental - Bordertown",
        "Address": "Bordertown Primary School, South Terrace",
        "Suburb": "BORDERTOWN",
        "Notes": null,
        "Search Address": "SA Dental - Bordertown, Bordertown Primary School, South Terrace, BORDERTOWN",
        "Latitude": -36.3133589916297,
        "Longitude": 140.76617635572
      },
      "geometry": {
        "type": "Point",
        "coordinates": [
          140.76617635572,
          -36.3133589916297
        ]
      }
    },
    {
      "type": "Feature",
      "properties": {
        "Site ID": 64,
        "Governing LHN": "CALHN",
        "Geographical LHN": "LCLHN",
        "Site Name": "SA Dental - Millicent",
        "Address": "Millicent North Primary School, Second Street",
        "Suburb": "MILLICENT",
        "Notes": null,
        "Search Address": "SA Dental - Millicent, Millicent North Primary School, Second Street, MILLICENT",
        "Latitude": -37.5931802845419,
        "Longitude": 140.342044626049
      },
      "geometry": {
        "type": "Point",
        "coordinates": [
          140.342044626049,
          -37.5931802845419
        ]
      }
    },
    {
      "type": "Feature",
      "properties": {
        "Site ID": 65,
        "Governing LHN": "CALHN",
        "Geographical LHN": "LCLHN",
        "Site Name": "SA Dental - Mt Gambier ",
        "Address": "Mt Gambier Hospital, Wehl Street North",
        "Suburb": "MOUNT GAMBIER",
        "Notes": null,
        "Search Address": "SA Dental - Mt Gambier , Mt Gambier Hospital, Wehl Street North, MOUNT GAMBIER",
        "Latitude": -37.8050988010589,
        "Longitude": 140.78596678486
      },
      "geometry": {
        "type": "Point",
        "coordinates": [
          140.78596678486,
          -37.8050988010589
        ]
      }
    },
    {
      "type": "Feature",
      "properties": {
        "Site ID": 66,
        "Governing LHN": "CALHN",
        "Geographical LHN": "LCLHN",
        "Site Name": "SA Dental - Naracoorte",
        "Address": "Naracoorte Primary School, Park Terrace",
        "Suburb": "NARACOORTE",
        "Notes": null,
        "Search Address": "SA Dental - Naracoorte, Naracoorte Primary School, Park Terrace, NARACOORTE",
        "Latitude": -36.951343360298,
        "Longitude": 140.737859161091
      },
      "geometry": {
        "type": "Point",
        "coordinates": [
          140.737859161091,
          -36.951343360298
        ]
      }
    },
    {
      "type": "Feature",
      "properties": {
        "Site ID": 67,
        "Governing LHN": "CALHN",
        "Geographical LHN": "NALHN",
        "Site Name": "SA Dental - Cavan Youth Training Centre",
        "Address": "26-56 Goldsborough Road",
        "Suburb": "CAVAN",
        "Notes": null,
        "Search Address": "SA Dental - Cavan Youth Training Centre, 26-56 Goldsborough Road, CAVAN",
        "Latitude": -34.8279013287557,
        "Longitude": 138.603769581092
      },
      "geometry": {
        "type": "Point",
        "coordinates": [
          138.603769581092,
          -34.8279013287557
        ]
      }
    },
    {
      "type": "Feature",
      "properties": {
        "Site ID": 68,
        "Governing LHN": "CALHN",
        "Geographical LHN": "NALHN",
        "Site Name": "SA Dental - Elizabeth",
        "Address": "Elizabeth GP Plus, 16 Playford Boulevard",
        "Suburb": "ELIZABETH",
        "Notes": null,
        "Search Address": "SA Dental - Elizabeth, Elizabeth GP Plus, 16 Playford Boulevard, ELIZABETH",
        "Latitude": -34.7169404215799,
        "Longitude": 138.671077060776
      },
      "geometry": {
        "type": "Point",
        "coordinates": [
          138.671077060776,
          -34.7169404215799
        ]
      }
    },
    {
      "type": "Feature",
      "properties": {
        "Site ID": 69,
        "Governing LHN": "CALHN",
        "Geographical LHN": "NALHN",
        "Site Name": "SA Dental - Gilles Plains",
        "Address": "TAFE SA Gillies Plains Campus, 33 Blacks Road",
        "Suburb": "GILLES PLAINS",
        "Notes": null,
        "Search Address": "SA Dental - Gilles Plains, TAFE SA Gillies Plains Campus, 33 Blacks Road, GILLES PLAINS",
        "Latitude": -34.8520630141862,
        "Longitude": 138.652984475824
      },
      "geometry": {
        "type": "Point",
        "coordinates": [
          138.652984475824,
          -34.8520630141862
        ]
      }
    },
    {
      "type": "Feature",
      "properties": {
        "Site ID": 70,
        "Governing LHN": "CALHN",
        "Geographical LHN": "NALHN",
        "Site Name": "SA Dental - Modbury",
        "Address": "Level 1/77 Smart Road",
        "Suburb": "MODBURY",
        "Notes": null,
        "Search Address": "SA Dental - Modbury, Level 1/77 Smart Road, MODBURY",
        "Latitude": -34.8336546420109,
        "Longitude": 138.692351230618
      },
      "geometry": {
        "type": "Point",
        "coordinates": [
          138.692351230618,
          -34.8336546420109
        ]
      }
    },
    {
      "type": "Feature",
      "properties": {
        "Site ID": 71,
        "Governing LHN": "CALHN",
        "Geographical LHN": "NALHN",
        "Site Name": "SA Dental - Modbury",
        "Address": "Modbury GP Plus, L1 77 Smart Road",
        "Suburb": "MODBURY",
        "Notes": null,
        "Search Address": "SA Dental - Modbury, Modbury GP Plus, L1 77 Smart Road, MODBURY",
        "Latitude": -34.8339013211509,
        "Longitude": 138.692345675337
      },
      "geometry": {
        "type": "Point",
        "coordinates": [
          138.692345675337,
          -34.8339013211509
        ]
      }
    },
    {
      "type": "Feature",
      "properties": {
        "Site ID": 72,
        "Governing LHN": "CALHN",
        "Geographical LHN": "CALHN",
        "Site Name": "SA Dental - Parks",
        "Address": "2/40-44 Trafford Street",
        "Suburb": "ANGLE PARK",
        "Notes": null,
        "Search Address": "SA Dental - Parks, 2/40-44 Trafford Street, ANGLE PARK",
        "Latitude": -34.8590236169436,
        "Longitude": 138.557075870328
      },
      "geometry": {
        "type": "Point",
        "coordinates": [
          138.557075870328,
          -34.8590236169436
        ]
      }
    },
    {
      "type": "Feature",
      "properties": {
        "Site ID": 73,
        "Governing LHN": "CALHN",
        "Geographical LHN": "NALHN",
        "Site Name": "SA Dental - Salisbury",
        "Address": "21 Hollywood Boulevard",
        "Suburb": "SALISBURY DOWNS",
        "Notes": null,
        "Search Address": "SA Dental - Salisbury, 21 Hollywood Boulevard, SALISBURY DOWNS",
        "Latitude": -34.7694361251603,
        "Longitude": 138.623629638472
      },
      "geometry": {
        "type": "Point",
        "coordinates": [
          138.623629638472,
          -34.7694361251603
        ]
      }
    },
    {
      "type": "Feature",
      "properties": {
        "Site ID": 74,
        "Governing LHN": "CALHN",
        "Geographical LHN": "RMCLHN",
        "Site Name": "SA Dental - Mobilong Prison",
        "Address": "Maurice Road",
        "Suburb": "MURRAY BRIDGE",
        "Notes": null,
        "Search Address": "SA Dental - Mobilong Prison, Maurice Road, MURRAY BRIDGE",
        "Latitude": -35.1137416544698,
        "Longitude": 139.233060012295
      },
      "geometry": {
        "type": "Point",
        "coordinates": [
          139.233060012295,
          -35.1137416544698
        ]
      }
    },
    {
      "type": "Feature",
      "properties": {
        "Site ID": 75,
        "Governing LHN": "CALHN",
        "Geographical LHN": "RMCLHN",
        "Site Name": "SA Dental - Murray Bridge ",
        "Address": "45 Beatty Terrace ",
        "Suburb": "MURRAY BRIDGE",
        "Notes": null,
        "Search Address": "SA Dental - Murray Bridge , 45 Beatty Terrace , MURRAY BRIDGE",
        "Latitude": -35.1279324491677,
        "Longitude": 139.279884951367
      },
      "geometry": {
        "type": "Point",
        "coordinates": [
          139.279884951367,
          -35.1279324491677
        ]
      }
    },
    {
      "type": "Feature",
      "properties": {
        "Site ID": 76,
        "Governing LHN": "CALHN",
        "Geographical LHN": "RMCLHN",
        "Site Name": "SA Dental - Riverland",
        "Address": "Riverland Oral Health Centre, 10 Maddern Street",
        "Suburb": "BERRI",
        "Notes": null,
        "Search Address": "SA Dental - Riverland, Riverland Oral Health Centre, 10 Maddern Street, BERRI",
        "Latitude": -34.2751473134702,
        "Longitude": 140.600606577083
      },
      "geometry": {
        "type": "Point",
        "coordinates": [
          140.600606577083,
          -34.2751473134702
        ]
      }
    },
    {
      "type": "Feature",
      "properties": {
        "Site ID": 77,
        "Governing LHN": "CALHN",
        "Geographical LHN": "SALHN",
        "Site Name": "SA Dental - Marion",
        "Address": "Marion GP Plus, L1 10 Milham Street",
        "Suburb": "OAKLANDS PARK",
        "Notes": null,
        "Search Address": "SA Dental - Marion, Marion GP Plus, L1 10 Milham Street, OAKLANDS PARK",
        "Latitude": -35.013271371197,
        "Longitude": 138.542116918203
      },
      "geometry": {
        "type": "Point",
        "coordinates": [
          138.542116918203,
          -35.013271371197
        ]
      }
    },
    {
      "type": "Feature",
      "properties": {
        "Site ID": 78,
        "Governing LHN": "CALHN",
        "Geographical LHN": "SALHN",
        "Site Name": "SA Dental - Mitcham",
        "Address": "Mitcham Primary School, Elphyn Road ",
        "Suburb": "KINGSWOOD",
        "Notes": null,
        "Search Address": "SA Dental - Mitcham, Mitcham Primary School, Elphyn Road , KINGSWOOD",
        "Latitude": -34.972998144941,
        "Longitude": 138.616283117279
      },
      "geometry": {
        "type": "Point",
        "coordinates": [
          138.616283117279,
          -34.972998144941
        ]
      }
    },
    {
      "type": "Feature",
      "properties": {
        "Site ID": 79,
        "Governing LHN": "CALHN",
        "Geographical LHN": "SALHN",
        "Site Name": "SA Dental - Noarlunga",
        "Address": "2 Alexander Kelly Drive",
        "Suburb": "NOARLUNGA",
        "Notes": null,
        "Search Address": "SA Dental - Noarlunga, 2 Alexander Kelly Drive, NOARLUNGA",
        "Latitude": -35.1390995070929,
        "Longitude": 138.49739545505
      },
      "geometry": {
        "type": "Point",
        "coordinates": [
          138.49739545505,
          -35.1390995070929
        ]
      }
    },
    {
      "type": "Feature",
      "properties": {
        "Site ID": 80,
        "Governing LHN": "CALHN",
        "Geographical LHN": "YNLHN",
        "Site Name": "SA Dental - Clare ",
        "Address": "Powell Place",
        "Suburb": "CLARE",
        "Notes": null,
        "Search Address": "SA Dental - Clare , Powell Place, CLARE",
        "Latitude": -33.8405885810527,
        "Longitude": 138.617898608231
      },
      "geometry": {
        "type": "Point",
        "coordinates": [
          138.617898608231,
          -33.8405885810527
        ]
      }
    },
    {
      "type": "Feature",
      "properties": {
        "Site ID": 81,
        "Governing LHN": "CALHN",
        "Geographical LHN": "YNLHN",
        "Site Name": "SA Dental - Pt Pirie CDS",
        "Address": "Port Pirie Hospital, The Terrace",
        "Suburb": "PORT PIRIE",
        "Notes": null,
        "Search Address": "SA Dental - Pt Pirie CDS, Port Pirie Hospital, The Terrace, PORT PIRIE",
        "Latitude": -33.1771064028577,
        "Longitude": 138.004436904132
      },
      "geometry": {
        "type": "Point",
        "coordinates": [
          138.004436904132,
          -33.1771064028577
        ]
      }
    },
    {
      "type": "Feature",
      "properties": {
        "Site ID": 82,
        "Governing LHN": "CALHN",
        "Geographical LHN": "YNLHN",
        "Site Name": "SA Dental - Pt Pirie SDS",
        "Address": "Port Pirie West Primary School, 214 The Terrace",
        "Suburb": "PORT PIRIE",
        "Notes": null,
        "Search Address": "SA Dental - Pt Pirie SDS, Port Pirie West Primary School, 214 The Terrace, PORT PIRIE",
        "Latitude": -33.1814249337527,
        "Longitude": 138.002928596657
      },
      "geometry": {
        "type": "Point",
        "coordinates": [
          138.002928596657,
          -33.1814249337527
        ]
      }
    },
    {
      "type": "Feature",
      "properties": {
        "Site ID": 83,
        "Governing LHN": "CALHN",
        "Geographical LHN": "YNLHN",
        "Site Name": "SA Dental - Wallaroo",
        "Address": "Wallaroo Hospital, Ernest Terrace",
        "Suburb": "WALLAROO",
        "Notes": null,
        "Search Address": "SA Dental - Wallaroo, Wallaroo Hospital, Ernest Terrace, WALLAROO",
        "Latitude": -33.9286025096883,
        "Longitude": 137.636576400687
      },
      "geometry": {
        "type": "Point",
        "coordinates": [
          137.636576400687,
          -33.9286025096883
        ]
      }
    },
    {
      "type": "Feature",
      "properties": {
        "Site ID": 84,
        "Governing LHN": "CALHN",
        "Geographical LHN": "CALHN",
        "Site Name": "Breast Screen SA - Frome Road",
        "Address": "Frome Street",
        "Suburb": "ADELAIDE",
        "Notes": null,
        "Search Address": "Breast Screen SA - Frome Road, Frome Street, ADELAIDE",
        "Latitude": -34.919421371892,
        "Longitude": 138.606321279199
      },
      "geometry": {
        "type": "Point",
        "coordinates": [
          138.606321279199,
          -34.919421371892
        ]
      }
    },
    {
      "type": "Feature",
      "properties": {
        "Site ID": 85,
        "Governing LHN": "CALHN",
        "Geographical LHN": "CALHN",
        "Site Name": "Breast Screen SA - Assessment Clinic",
        "Address": "300 Wakefield Street",
        "Suburb": "ADELAIDE",
        "Notes": null,
        "Search Address": "Breast Screen SA - Assessment Clinic, 300 Wakefield Street, ADELAIDE",
        "Latitude": -34.927912189999,
        "Longitude": 138.610999587152
      },
      "geometry": {
        "type": "Point",
        "coordinates": [
          138.610999587152,
          -34.927912189999
        ]
      }
    },
    {
      "type": "Feature",
      "properties": {
        "Site ID": 86,
        "Governing LHN": "CALHN",
        "Geographical LHN": "CALHN",
        "Site Name": "SA Pharmacy - Royal Adelaide Hospital (RAH)",
        "Address": "Port Road",
        "Suburb": "ADELAIDE",
        "Notes": null,
        "Search Address": "SA Pharmacy - Royal Adelaide Hospital (RAH), Port Road, ADELAIDE",
        "Latitude": -34.9206961896459,
        "Longitude": 138.587003200744
      },
      "geometry": {
        "type": "Point",
        "coordinates": [
          138.587003200744,
          -34.9206961896459
        ]
      }
    },
    {
      "type": "Feature",
      "properties": {
        "Site ID": 87,
        "Governing LHN": "CALHN",
        "Geographical LHN": "CALHN",
        "Site Name": "SA Pharmacy - Glenside Health Campus",
        "Address": "8 Karrayarta Drive",
        "Suburb": "GLENSIDE",
        "Notes": null,
        "Search Address": "SA Pharmacy - Glenside Health Campus, 8 Karrayarta Drive, GLENSIDE",
        "Latitude": -34.9449766941421,
        "Longitude": 138.6268401109
      },
      "geometry": {
        "type": "Point",
        "coordinates": [
          138.6268401109,
          -34.9449766941421
        ]
      }
    },
    {
      "type": "Feature",
      "properties": {
        "Site ID": 88,
        "Governing LHN": "CALHN",
        "Geographical LHN": "NALHN",
        "Site Name": "SA Pharmacy - Hampstead Rehabilitation Centre (HRC)",
        "Address": "207-235 Hampstead Road",
        "Suburb": "NORTHFIELD",
        "Notes": null,
        "Search Address": "SA Pharmacy - Hampstead Rehabilitation Centre (HRC), 207-235 Hampstead Road, NORTHFIELD",
        "Latitude": -34.8611213727868,
        "Longitude": 138.618679425948
      },
      "geometry": {
        "type": "Point",
        "coordinates": [
          138.618679425948,
          -34.8611213727868
        ]
      }
    },
    {
      "type": "Feature",
      "properties": {
        "Site ID": 89,
        "Governing LHN": "CALHN",
        "Geographical LHN": "CALHN",
        "Site Name": "SA Pharmacy - Royal Adelaide Hospital (RAH)",
        "Address": "Port Road",
        "Suburb": "ADELAIDE",
        "Notes": null,
        "Search Address": "SA Pharmacy - Royal Adelaide Hospital (RAH), Port Road, ADELAIDE",
        "Latitude": -34.9206961896459,
        "Longitude": 138.587003200744
      },
      "geometry": {
        "type": "Point",
        "coordinates": [
          138.587003200744,
          -34.9206961896459
        ]
      }
    },
    {
      "type": "Feature",
      "properties": {
        "Site ID": 90,
        "Governing LHN": "CALHN",
        "Geographical LHN": "CALHN",
        "Site Name": "SA Pharmacy - The Queen Elizabeth Hospital (TQEH)",
        "Address": "28 Woodville Road",
        "Suburb": "WOODVILLE SOUTH",
        "Notes": null,
        "Search Address": "SA Pharmacy - The Queen Elizabeth Hospital (TQEH), 28 Woodville Road, WOODVILLE SOUTH",
        "Latitude": -34.8838230141737,
        "Longitude": 138.533070957136
      },
      "geometry": {
        "type": "Point",
        "coordinates": [
          138.533070957136,
          -34.8838230141737
        ]
      }
    },
    {
      "type": "Feature",
      "properties": {
        "Site ID": 91,
        "Governing LHN": "CALHN",
        "Geographical LHN": "EFNLHN",
        "Site Name": "SA Pharmacy - Pt Lincoln Hospital",
        "Address": "Oxford Terrace",
        "Suburb": "PORT LINCOLN",
        "Notes": null,
        "Search Address": "SA Pharmacy - Pt Lincoln Hospital, Oxford Terrace, PORT LINCOLN",
        "Latitude": -34.7240358501091,
        "Longitude": 135.850436008999
      },
      "geometry": {
        "type": "Point",
        "coordinates": [
          135.850436008999,
          -34.7240358501091
        ]
      }
    },
    {
      "type": "Feature",
      "properties": {
        "Site ID": 92,
        "Governing LHN": "CALHN",
        "Geographical LHN": "LCLHN",
        "Site Name": "SA Pharmacy - Mount Gambier Hospital",
        "Address": "276/300 Wehl Street",
        "Suburb": "MOUNT GAMBIER",
        "Notes": null,
        "Search Address": "SA Pharmacy - Mount Gambier Hospital, 276/300 Wehl Street, MOUNT GAMBIER",
        "Latitude": -37.8054757695813,
        "Longitude": 140.786231410052
      },
      "geometry": {
        "type": "Point",
        "coordinates": [
          140.786231410052,
          -37.8054757695813
        ]
      }
    },
    {
      "type": "Feature",
      "properties": {
        "Site ID": 93,
        "Governing LHN": "CALHN",
        "Geographical LHN": "NALHN",
        "Site Name": "SA Pharmacy - Lyell McEwin Hospital (LMH)",
        "Address": "Haydown Road",
        "Suburb": "ELIZABETH VALE",
        "Notes": null,
        "Search Address": "SA Pharmacy - Lyell McEwin Hospital (LMH), Haydown Road, ELIZABETH VALE",
        "Latitude": -34.7477678137689,
        "Longitude": 138.664709897793
      },
      "geometry": {
        "type": "Point",
        "coordinates": [
          138.664709897793,
          -34.7477678137689
        ]
      }
    },
    {
      "type": "Feature",
      "properties": {
        "Site ID": 94,
        "Governing LHN": "CALHN",
        "Geographical LHN": "NALHN",
        "Site Name": "SA Pharmacy - Modbury Public Hospital (MPH)",
        "Address": "Smart Road",
        "Suburb": "MODBURY",
        "Notes": null,
        "Search Address": "SA Pharmacy - Modbury Public Hospital (MPH), Smart Road, MODBURY",
        "Latitude": -34.8339300088639,
        "Longitude": 138.690041975804
      },
      "geometry": {
        "type": "Point",
        "coordinates": [
          138.690041975804,
          -34.8339300088639
        ]
      }
    },
    {
      "type": "Feature",
      "properties": {
        "Site ID": 95,
        "Governing LHN": "CALHN",
        "Geographical LHN": "RMCLHN",
        "Site Name": "SA Pharmacy - Riverland General Hospital (Berri)",
        "Address": "10 Maddern Avenue",
        "Suburb": "BERRI",
        "Notes": null,
        "Search Address": "SA Pharmacy - Riverland General Hospital (Berri), 10 Maddern Avenue, BERRI",
        "Latitude": -34.2756100458488,
        "Longitude": 140.601494039495
      },
      "geometry": {
        "type": "Point",
        "coordinates": [
          140.601494039495,
          -34.2756100458488
        ]
      }
    },
    {
      "type": "Feature",
      "properties": {
        "Site ID": 96,
        "Governing LHN": "CALHN",
        "Geographical LHN": "YNLHN",
        "Site Name": "SA Pharmacy - Pt Pirie Regional Health Service",
        "Address": "The Terrace and Alexander Street",
        "Suburb": "PORT PIRIE",
        "Notes": null,
        "Search Address": "SA Pharmacy - Pt Pirie Regional Health Service, The Terrace and Alexander Street, PORT PIRIE",
        "Latitude": -33.1773360259822,
        "Longitude": 138.004435500305
      },
      "geometry": {
        "type": "Point",
        "coordinates": [
          138.004435500305,
          -33.1773360259822
        ]
      }
    },
    {
      "type": "Feature",
      "properties": {
        "Site ID": 97,
        "Governing LHN": "CALHN",
        "Geographical LHN": "CALHN",
        "Site Name": "SA Pathology - Main Laboratory, Frome Road",
        "Address": "Frome Road",
        "Suburb": "ADELAIDE",
        "Notes": null,
        "Search Address": "SA Pathology - Main Laboratory, Frome Road, Frome Road, ADELAIDE",
        "Latitude": -34.9197805439765,
        "Longitude": 138.608141774028
      },
      "geometry": {
        "type": "Point",
        "coordinates": [
          138.608141774028,
          -34.9197805439765
        ]
      }
    },
    {
      "type": "Feature",
      "properties": {
        "Site ID": 98,
        "Governing LHN": "CALHN",
        "Geographical LHN": "CALHN",
        "Site Name": "SA Pathology - Royal Adelaide Hospital",
        "Address": "Port Road",
        "Suburb": "ADELAIDE",
        "Notes": null,
        "Search Address": "SA Pathology - Royal Adelaide Hospital, Port Road, ADELAIDE",
        "Latitude": -34.9204553611775,
        "Longitude": 138.586619198007
      },
      "geometry": {
        "type": "Point",
        "coordinates": [
          138.586619198007,
          -34.9204553611775
        ]
      }
    },
    {
      "type": "Feature",
      "properties": {
        "Site ID": 99,
        "Governing LHN": "CALHN",
        "Geographical LHN": "WCHN",
        "Site Name": "SA Pathology - Women's and Children’s Hospital",
        "Address": "72 King William Road",
        "Suburb": "NORTH ADELAIDE",
        "Notes": null,
        "Search Address": "SA Pathology - Women's and Children’s Hospital, 72 King William Road, NORTH ADELAIDE",
        "Latitude": -34.9118915727118,
        "Longitude": 138.599883621421
      },
      "geometry": {
        "type": "Point",
        "coordinates": [
          138.599883621421,
          -34.9118915727118
        ]
      }
    },
    {
      "type": "Feature",
      "properties": {
        "Site ID": 100,
        "Governing LHN": "CALHN",
        "Geographical LHN": "FUNLHN",
        "Site Name": "SA Pathology - Whyalla Hospital",
        "Address": "Wood Terrace",
        "Suburb": "WHYALLA",
        "Notes": null,
        "Search Address": "SA Pathology - Whyalla Hospital, Wood Terrace, WHYALLA",
        "Latitude": -33.033965823688,
        "Longitude": 137.576833180162
      },
      "geometry": {
        "type": "Point",
        "coordinates": [
          137.576833180162,
          -33.033965823688
        ]
      }
    },
    {
      "type": "Feature",
      "properties": {
        "Site ID": 101,
        "Governing LHN": "CALHN",
        "Geographical LHN": "LCLHN",
        "Site Name": "SA Pathology - Mount Gambier Hospital",
        "Address": "276/300 Wehl Street",
        "Suburb": "MOUNT GAMBIER",
        "Notes": null,
        "Search Address": "SA Pathology - Mount Gambier Hospital, 276/300 Wehl Street, MOUNT GAMBIER",
        "Latitude": -37.8053878869091,
        "Longitude": 140.786262601104
      },
      "geometry": {
        "type": "Point",
        "coordinates": [
          140.786262601104,
          -37.8053878869091
        ]
      }
    },
    {
      "type": "Feature",
      "properties": {
        "Site ID": 102,
        "Governing LHN": "CALHN",
        "Geographical LHN": "YNLHN",
        "Site Name": "SA Pathology - Port Pirie Hospital",
        "Address": "The Terrace and Alexander Street",
        "Suburb": "PORT PIRIE",
        "Notes": null,
        "Search Address": "SA Pathology - Port Pirie Hospital, The Terrace and Alexander Street, PORT PIRIE",
        "Latitude": -33.1778236862125,
        "Longitude": 138.004422251528
      },
      "geometry": {
        "type": "Point",
        "coordinates": [
          138.004422251528,
          -33.1778236862125
        ]
      }
    },
    {
      "type": "Feature",
      "properties": {
        "Site ID": 103,
        "Governing LHN": "CALHN",
        "Geographical LHN": "NALHN",
        "Site Name": "Prison Health - Yatala Prison Health Centre",
        "Address": "1 Peter Brown Drive",
        "Suburb": "NORTHFIELD",
        "Notes": null,
        "Search Address": "Prison Health - Yatala Prison Health Centre, 1 Peter Brown Drive, NORTHFIELD",
        "Latitude": -34.8460962157718,
        "Longitude": 138.628270031151
      },
      "geometry": {
        "type": "Point",
        "coordinates": [
          138.628270031151,
          -34.8460962157718
        ]
      }
    },
    {
      "type": "Feature",
      "properties": {
        "Site ID": 104,
        "Governing LHN": "CALHN",
        "Geographical LHN": "CALHN",
        "Site Name": "Prison Health - Administration",
        "Address": "375 Payneham Road",
        "Suburb": "MARDEN",
        "Notes": null,
        "Search Address": "Prison Health - Administration, 375 Payneham Road, MARDEN",
        "Latitude": -34.8955750467932,
        "Longitude": 138.639473391233
      },
      "geometry": {
        "type": "Point",
        "coordinates": [
          138.639473391233,
          -34.8955750467932
        ]
      }
    },
    {
      "type": "Feature",
      "properties": {
        "Site ID": 105,
        "Governing LHN": "CALHN",
        "Geographical LHN": "EFNLHN",
        "Site Name": "Prison Health - Pt Lincoln Prison",
        "Address": "Pound Lane",
        "Suburb": "PORT LINCOLN",
        "Notes": null,
        "Search Address": "Prison Health - Pt Lincoln Prison, Pound Lane, PORT LINCOLN",
        "Latitude": -34.7051161841339,
        "Longitude": 135.797761974442
      },
      "geometry": {
        "type": "Point",
        "coordinates": [
          135.797761974442,
          -34.7051161841339
        ]
      }
    },
    {
      "type": "Feature",
      "properties": {
        "Site ID": 106,
        "Governing LHN": "CALHN",
        "Geographical LHN": "NALHN",
        "Site Name": "Prison Health - Adelaide Women's Prison",
        "Address": "Grand Junction Road",
        "Suburb": "NORTHFIELD",
        "Notes": null,
        "Search Address": "Prison Health - Adelaide Women's Prison, Grand Junction Road, NORTHFIELD",
        "Latitude": -34.8453772582126,
        "Longitude": 138.641567173121
      },
      "geometry": {
        "type": "Point",
        "coordinates": [
          138.641567173121,
          -34.8453772582126
        ]
      }
    },
    {
      "type": "Feature",
      "properties": {
        "Site ID": 107,
        "Governing LHN": "CALHN",
        "Geographical LHN": "SALHN",
        "Site Name": "SAMI - Repatriation Health Precinct",
        "Address": "Gate 8, 800 Goodwood Road",
        "Suburb": "DAW PARK",
        "Notes": null,
        "Search Address": "SAMI - Repatriation Health Precinct, Gate 8, 800 Goodwood Road, DAW PARK",
        "Latitude": -34.9905689001155,
        "Longitude": 138.589342175416
      },
      "geometry": {
        "type": "Point",
        "coordinates": [
          138.589342175416,
          -34.9905689001155
        ]
      }
    },
    {
      "type": "Feature",
      "properties": {
        "Site ID": 108,
        "Governing LHN": "SAAS",
        "Geographical LHN": "BHFLHN",
        "Site Name": "SA Ambulance - Aldgate",
        "Address": "298 Mt Barker Road",
        "Suburb": "ALDGATE",
        "Notes": null,
        "Search Address": "SA Ambulance - Aldgate, 298 Mt Barker Road, ALDGATE",
        "Latitude": -35.0123659537346,
        "Longitude": 138.743715066664
      },
      "geometry": {
        "type": "Point",
        "coordinates": [
          138.743715066664,
          -35.0123659537346
        ]
      }
    },
    {
      "type": "Feature",
      "properties": {
        "Site ID": 109,
        "Governing LHN": "SAAS",
        "Geographical LHN": "BHFLHN",
        "Site Name": "SA Ambulance - American River",
        "Address": "19 Buick Drive",
        "Suburb": "AMERICAN RIVER",
        "Notes": null,
        "Search Address": "SA Ambulance - American River, 19 Buick Drive, AMERICAN RIVER",
        "Latitude": -35.7827874376262,
        "Longitude": 137.769477459579
      },
      "geometry": {
        "type": "Point",
        "coordinates": [
          137.769477459579,
          -35.7827874376262
        ]
      }
    },
    {
      "type": "Feature",
      "properties": {
        "Site ID": 110,
        "Governing LHN": "SAAS",
        "Geographical LHN": "BHFLHN",
        "Site Name": "SA Ambulance - Angaston",
        "Address": "27 Schilling Street",
        "Suburb": "ANGASTON",
        "Notes": null,
        "Search Address": "SA Ambulance - Angaston, 27 Schilling Street, ANGASTON",
        "Latitude": -34.5033521378809,
        "Longitude": 139.052305445838
      },
      "geometry": {
        "type": "Point",
        "coordinates": [
          139.052305445838,
          -34.5033521378809
        ]
      }
    },
    {
      "type": "Feature",
      "properties": {
        "Site ID": 111,
        "Governing LHN": "SAAS",
        "Geographical LHN": "BHFLHN",
        "Site Name": "SA Ambulance - Birdwood",
        "Address": "Torrens Valley Road and Blumel Road",
        "Suburb": "BIRDWOOD",
        "Notes": null,
        "Search Address": "SA Ambulance - Birdwood, Torrens Valley Road and Blumel Road, BIRDWOOD",
        "Latitude": -34.8201704419533,
        "Longitude": 138.952439052642
      },
      "geometry": {
        "type": "Point",
        "coordinates": [
          138.952439052642,
          -34.8201704419533
        ]
      }
    },
    {
      "type": "Feature",
      "properties": {
        "Site ID": 112,
        "Governing LHN": "SAAS",
        "Geographical LHN": "BHFLHN",
        "Site Name": "SA Ambulance - Gawler",
        "Address": "121 Main North Road",
        "Suburb": "WILLASTON",
        "Notes": null,
        "Search Address": "SA Ambulance - Gawler, 121 Main North Road, WILLASTON",
        "Latitude": -34.5776077946794,
        "Longitude": 138.746669813616
      },
      "geometry": {
        "type": "Point",
        "coordinates": [
          138.746669813616,
          -34.5776077946794
        ]
      }
    },
    {
      "type": "Feature",
      "properties": {
        "Site ID": 113,
        "Governing LHN": "SAAS",
        "Geographical LHN": "BHFLHN",
        "Site Name": "SA Ambulance - Goolwa",
        "Address": "13 Gardiner Street",
        "Suburb": "GOOLWA",
        "Notes": null,
        "Search Address": "SA Ambulance - Goolwa, 13 Gardiner Street, GOOLWA",
        "Latitude": -35.4992000732637,
        "Longitude": 138.779766155092
      },
      "geometry": {
        "type": "Point",
        "coordinates": [
          138.779766155092,
          -35.4992000732637
        ]
      }
    },
    {
      "type": "Feature",
      "properties": {
        "Site ID": 114,
        "Governing LHN": "SAAS",
        "Geographical LHN": "BHFLHN",
        "Site Name": "SA Ambulance - Kapunda",
        "Address": "12 Hill Street",
        "Suburb": "KAPUNDA",
        "Notes": null,
        "Search Address": "SA Ambulance - Kapunda, 12 Hill Street, KAPUNDA",
        "Latitude": -34.3405054476957,
        "Longitude": 138.914588273925
      },
      "geometry": {
        "type": "Point",
        "coordinates": [
          138.914588273925,
          -34.3405054476957
        ]
      }
    },
    {
      "type": "Feature",
      "properties": {
        "Site ID": 116,
        "Governing LHN": "SAAS",
        "Geographical LHN": "BHFLHN",
        "Site Name": "SA Ambulance - Kingscote",
        "Address": "17 Murray Street",
        "Suburb": "KINGSCOTE",
        "Notes": null,
        "Search Address": "SA Ambulance - Kingscote, 17 Murray Street, KINGSCOTE",
        "Latitude": -35.6546431218768,
        "Longitude": 137.636792353088
      },
      "geometry": {
        "type": "Point",
        "coordinates": [
          137.636792353088,
          -35.6546431218768
        ]
      }
    },
    {
      "type": "Feature",
      "properties": {
        "Site ID": 117,
        "Governing LHN": "SAAS",
        "Geographical LHN": "BHFLHN",
        "Site Name": "SA Ambulance - Mallala",
        "Address": "Adelaide Road",
        "Suburb": "MALLALA",
        "Notes": null,
        "Search Address": "SA Ambulance - Mallala, Adelaide Road, MALLALA",
        "Latitude": -34.4386793760165,
        "Longitude": 138.509668754175
      },
      "geometry": {
        "type": "Point",
        "coordinates": [
          138.509668754175,
          -34.4386793760165
        ]
      }
    },
    {
      "type": "Feature",
      "properties": {
        "Site ID": 118,
        "Governing LHN": "SAAS",
        "Geographical LHN": "BHFLHN",
        "Site Name": "SA Ambulance - Meadows",
        "Address": "64 Mawson Road",
        "Suburb": "MEADOWS",
        "Notes": null,
        "Search Address": "SA Ambulance - Meadows, 64 Mawson Road, MEADOWS",
        "Latitude": -35.1810692999186,
        "Longitude": 138.762458607003
      },
      "geometry": {
        "type": "Point",
        "coordinates": [
          138.762458607003,
          -35.1810692999186
        ]
      }
    },
    {
      "type": "Feature",
      "properties": {
        "Site ID": 119,
        "Governing LHN": "SAAS",
        "Geographical LHN": "BHFLHN",
        "Site Name": "SA Ambulance - Mount Barker",
        "Address": "361 Bald Hills Road",
        "Suburb": "MOUNT BARKER",
        "Notes": null,
        "Search Address": "SA Ambulance - Mount Barker, 361 Bald Hills Road, MOUNT BARKER",
        "Latitude": -35.0714458082693,
        "Longitude": 138.889422057552
      },
      "geometry": {
        "type": "Point",
        "coordinates": [
          138.889422057552,
          -35.0714458082693
        ]
      }
    },
    {
      "type": "Feature",
      "properties": {
        "Site ID": 120,
        "Governing LHN": "SAAS",
        "Geographical LHN": "BHFLHN",
        "Site Name": "SA Ambulance - Parndana",
        "Address": "2 Cook Street",
        "Suburb": "PARNDANA",
        "Notes": null,
        "Search Address": "SA Ambulance - Parndana, 2 Cook Street, PARNDANA",
        "Latitude": -35.7899371091368,
        "Longitude": 137.260858661671
      },
      "geometry": {
        "type": "Point",
        "coordinates": [
          137.260858661671,
          -35.7899371091368
        ]
      }
    },
    {
      "type": "Feature",
      "properties": {
        "Site ID": 121,
        "Governing LHN": "SAAS",
        "Geographical LHN": "BHFLHN",
        "Site Name": "SA Ambulance - Stirling",
        "Address": "298 Mount Barker Road ",
        "Suburb": "ALDGATE",
        "Notes": null,
        "Search Address": "SA Ambulance - Stirling, 298 Mount Barker Road , ALDGATE",
        "Latitude": -35.01236688216,
        "Longitude": 138.74371248847
      },
      "geometry": {
        "type": "Point",
        "coordinates": [
          138.74371248847,
          -35.01236688216
        ]
      }
    },
    {
      "type": "Feature",
      "properties": {
        "Site ID": 122,
        "Governing LHN": "SAAS",
        "Geographical LHN": "BHFLHN",
        "Site Name": "SA Ambulance - Strathalbyn",
        "Address": "25 Dry Plains Road",
        "Suburb": "STRATHALBYN",
        "Notes": null,
        "Search Address": "SA Ambulance - Strathalbyn, 25 Dry Plains Road, STRATHALBYN",
        "Latitude": -35.2731902638487,
        "Longitude": 138.896220837586
      },
      "geometry": {
        "type": "Point",
        "coordinates": [
          138.896220837586,
          -35.2731902638487
        ]
      }
    },
    {
      "type": "Feature",
      "properties": {
        "Site ID": 123,
        "Governing LHN": "SAAS",
        "Geographical LHN": "BHFLHN",
        "Site Name": "SA Ambulance - Victor Harbor",
        "Address": "40 Adelaide Road",
        "Suburb": "HAYBOROUGH",
        "Notes": null,
        "Search Address": "SA Ambulance - Victor Harbor, 40 Adelaide Road, HAYBOROUGH",
        "Latitude": -35.5322902462322,
        "Longitude": 138.63863974969
      },
      "geometry": {
        "type": "Point",
        "coordinates": [
          138.63863974969,
          -35.5322902462322
        ]
      }
    },
    {
      "type": "Feature",
      "properties": {
        "Site ID": 124,
        "Governing LHN": "SAAS",
        "Geographical LHN": "BHFLHN",
        "Site Name": "SA Ambulance - Woodside",
        "Address": "10 Nairne Road ",
        "Suburb": "WOODSIDE",
        "Notes": null,
        "Search Address": "SA Ambulance - Woodside, 10 Nairne Road , WOODSIDE",
        "Latitude": -34.9535908363983,
        "Longitude": 138.87593637834
      },
      "geometry": {
        "type": "Point",
        "coordinates": [
          138.87593637834,
          -34.9535908363983
        ]
      }
    },
    {
      "type": "Feature",
      "properties": {
        "Site ID": 125,
        "Governing LHN": "SAAS",
        "Geographical LHN": "CALHN",
        "Site Name": "SA Ambulance - Adelaide",
        "Address": "89 Richmond Road (rear building)",
        "Suburb": "MILE END SOUTH",
        "Notes": null,
        "Search Address": "SA Ambulance - Adelaide, 89 Richmond Road (rear building), MILE END SOUTH",
        "Latitude": -34.941423927043,
        "Longitude": 138.574575189479
      },
      "geometry": {
        "type": "Point",
        "coordinates": [
          138.574575189479,
          -34.941423927043
        ]
      }
    },
    {
      "type": "Feature",
      "properties": {
        "Site ID": 126,
        "Governing LHN": "SAAS",
        "Geographical LHN": "CALHN",
        "Site Name": "SA Ambulance - Brooklyn Park",
        "Address": "Airport Road",
        "Suburb": "BROOKLYN PARK",
        "Notes": null,
        "Search Address": "SA Ambulance - Brooklyn Park, Airport Road, BROOKLYN PARK",
        "Latitude": -34.9304476714223,
        "Longitude": 138.541741990196
      },
      "geometry": {
        "type": "Point",
        "coordinates": [
          138.541741990196,
          -34.9304476714223
        ]
      }
    },
    {
      "type": "Feature",
      "properties": {
        "Site ID": 127,
        "Governing LHN": "SAAS",
        "Geographical LHN": "CALHN",
        "Site Name": "SA Ambulance - Campbelltown",
        "Address": "161 Montacute Road",
        "Suburb": "NEWTON",
        "Notes": null,
        "Search Address": "SA Ambulance - Campbelltown, 161 Montacute Road, NEWTON",
        "Latitude": -34.8882860395798,
        "Longitude": 138.676774961194
      },
      "geometry": {
        "type": "Point",
        "coordinates": [
          138.676774961194,
          -34.8882860395798
        ]
      }
    },
    {
      "type": "Feature",
      "properties": {
        "Site ID": 128,
        "Governing LHN": "SAAS",
        "Geographical LHN": "CALHN",
        "Site Name": "SA Ambulance - Eastwood",
        "Address": "216 Greenhill Road",
        "Suburb": "EASTWOOD",
        "Notes": null,
        "Search Address": "SA Ambulance - Eastwood, 216 Greenhill Road, EASTWOOD",
        "Latitude": -34.9408369707163,
        "Longitude": 138.619145279729
      },
      "geometry": {
        "type": "Point",
        "coordinates": [
          138.619145279729,
          -34.9408369707163
        ]
      }
    },
    {
      "type": "Feature",
      "properties": {
        "Site ID": 129,
        "Governing LHN": "SAAS",
        "Geographical LHN": "CALHN",
        "Site Name": "SA Ambulance - Eastwood",
        "Address": "205 Greenhill Road",
        "Suburb": "EASTWOOD",
        "Notes": null,
        "Search Address": "SA Ambulance - Eastwood, 205 Greenhill Road, EASTWOOD",
        "Latitude": -34.9408369707163,
        "Longitude": 138.619145279729
      },
      "geometry": {
        "type": "Point",
        "coordinates": [
          138.619145279729,
          -34.9408369707163
        ]
      }
    },
    {
      "type": "Feature",
      "properties": {
        "Site ID": 130,
        "Governing LHN": "SAAS",
        "Geographical LHN": "CALHN",
        "Site Name": "SA Ambulance - Emergency Ops Centre",
        "Address": "89 Richmond Road (front building)",
        "Suburb": "MILE END SOUTH",
        "Notes": null,
        "Search Address": "SA Ambulance - Emergency Ops Centre, 89 Richmond Road (front building), MILE END SOUTH",
        "Latitude": -34.9413985883239,
        "Longitude": 138.574597984515
      },
      "geometry": {
        "type": "Point",
        "coordinates": [
          138.574597984515,
          -34.9413985883239
        ]
      }
    },
    {
      "type": "Feature",
      "properties": {
        "Site ID": 131,
        "Governing LHN": "SAAS",
        "Geographical LHN": "CALHN",
        "Site Name": "SA Ambulance - Fulham Gardens",
        "Address": "396 Grange Road",
        "Suburb": "FULHAM",
        "Notes": null,
        "Search Address": "SA Ambulance - Fulham Gardens, 396 Grange Road, FULHAM",
        "Latitude": -34.9066181290902,
        "Longitude": 138.519820217572
      },
      "geometry": {
        "type": "Point",
        "coordinates": [
          138.519820217572,
          -34.9066181290902
        ]
      }
    },
    {
      "type": "Feature",
      "properties": {
        "Site ID": 132,
        "Governing LHN": "SAAS",
        "Geographical LHN": "CALHN",
        "Site Name": "SA Ambulance - Norwood",
        "Address": "221 Portrush Road",
        "Suburb": "MAYLANDS",
        "Notes": null,
        "Search Address": "SA Ambulance - Norwood, 221 Portrush Road, MAYLANDS",
        "Latitude": -34.9146669156369,
        "Longitude": 138.639907904473
      },
      "geometry": {
        "type": "Point",
        "coordinates": [
          138.639907904473,
          -34.9146669156369
        ]
      }
    },
    {
      "type": "Feature",
      "properties": {
        "Site ID": 133,
        "Governing LHN": "SAAS",
        "Geographical LHN": "CALHN",
        "Site Name": "SA Ambulance - Parkside",
        "Address": "6-8 Glen Osmond Road",
        "Suburb": "PARKSIDE",
        "Notes": null,
        "Search Address": "SA Ambulance - Parkside, 6-8 Glen Osmond Road, PARKSIDE",
        "Latitude": -34.9411107955629,
        "Longitude": 138.616065271359
      },
      "geometry": {
        "type": "Point",
        "coordinates": [
          138.616065271359,
          -34.9411107955629
        ]
      }
    },
    {
      "type": "Feature",
      "properties": {
        "Site ID": 134,
        "Governing LHN": "SAAS",
        "Geographical LHN": "CALHN",
        "Site Name": "SA Ambulance - Port Adelaide",
        "Address": "3-5 Santo Parade",
        "Suburb": "PORT ADELAIDE",
        "Notes": null,
        "Search Address": "SA Ambulance - Port Adelaide, 3-5 Santo Parade, PORT ADELAIDE",
        "Latitude": -34.8426068486613,
        "Longitude": 138.511523101066
      },
      "geometry": {
        "type": "Point",
        "coordinates": [
          138.511523101066,
          -34.8426068486613
        ]
      }
    },
    {
      "type": "Feature",
      "properties": {
        "Site ID": 135,
        "Governing LHN": "SAAS",
        "Geographical LHN": "CALHN",
        "Site Name": "SA Ambulance - Prospect",
        "Address": "478-480 Regency Road",
        "Suburb": "PROSPECT",
        "Notes": null,
        "Search Address": "SA Ambulance - Prospect, 478-480 Regency Road, PROSPECT",
        "Latitude": -34.873304980026,
        "Longitude": 138.600314938409
      },
      "geometry": {
        "type": "Point",
        "coordinates": [
          138.600314938409,
          -34.873304980026
        ]
      }
    },
    {
      "type": "Feature",
      "properties": {
        "Site ID": 136,
        "Governing LHN": "SAAS",
        "Geographical LHN": "CALHN",
        "Site Name": "SA Ambulance - RRAS Rescue and Retrieval",
        "Address": "2 Sir Reginald Ansett Drive",
        "Suburb": "ADELAIDE AIRPORT",
        "Notes": null,
        "Search Address": "SA Ambulance - RRAS Rescue and Retrieval, 2 Sir Reginald Ansett Drive, ADELAIDE AIRPORT",
        "Latitude": -34.9468855695314,
        "Longitude": 138.521320462913
      },
      "geometry": {
        "type": "Point",
        "coordinates": [
          138.521320462913,
          -34.9468855695314
        ]
      }
    },
    {
      "type": "Feature",
      "properties": {
        "Site ID": 137,
        "Governing LHN": "SAAS",
        "Geographical LHN": "CALHN",
        "Site Name": "SA Ambulance - SAAS/MedSTAR (Babcock)",
        "Address": "5 Sir Reginald Ansett Drive",
        "Suburb": "ADELAIDE AIRPORT",
        "Notes": "Note: Note a SAAS site; SAAS provides a medical waste bin on site as part of a contract with Babcock.",
        "Search Address": "SA Ambulance - SAAS/MedSTAR (Babcock), 5 Sir Reginald Ansett Drive, ADELAIDE AIRPORT",
        "Latitude": -34.9471350144091,
        "Longitude": 138.52103580549
      },
      "geometry": {
        "type": "Point",
        "coordinates": [
          138.52103580549,
          -34.9471350144091
        ]
      }
    },
    {
      "type": "Feature",
      "properties": {
        "Site ID": 138,
        "Governing LHN": "SAAS",
        "Geographical LHN": "CALHN",
        "Site Name": "SA Ambulance - Woodville",
        "Address": "98 Hanson Road",
        "Suburb": "WOODVILLE GARDENS",
        "Notes": null,
        "Search Address": "SA Ambulance - Woodville, 98 Hanson Road, WOODVILLE GARDENS",
        "Latitude": -34.8650015698359,
        "Longitude": 138.547899582661
      },
      "geometry": {
        "type": "Point",
        "coordinates": [
          138.547899582661,
          -34.8650015698359
        ]
      }
    },
    {
      "type": "Feature",
      "properties": {
        "Site ID": 139,
        "Governing LHN": "SAAS",
        "Geographical LHN": "EFNLHN",
        "Site Name": "SA Ambulance - Ceduna",
        "Address": "32 Poynton Street",
        "Suburb": "CEDUNA",
        "Notes": null,
        "Search Address": "SA Ambulance - Ceduna, 32 Poynton Street, CEDUNA",
        "Latitude": -32.1276440153561,
        "Longitude": 133.674088136852
      },
      "geometry": {
        "type": "Point",
        "coordinates": [
          133.674088136852,
          -32.1276440153561
        ]
      }
    },
    {
      "type": "Feature",
      "properties": {
        "Site ID": 140,
        "Governing LHN": "SAAS",
        "Geographical LHN": "EFNLHN",
        "Site Name": "SA Ambulance - Cleve",
        "Address": "20 Fourth Street",
        "Suburb": "CLEVE",
        "Notes": null,
        "Search Address": "SA Ambulance - Cleve, 20 Fourth Street, CLEVE",
        "Latitude": -33.7008504142093,
        "Longitude": 136.493865004635
      },
      "geometry": {
        "type": "Point",
        "coordinates": [
          136.493865004635,
          -33.7008504142093
        ]
      }
    },
    {
      "type": "Feature",
      "properties": {
        "Site ID": 141,
        "Governing LHN": "SAAS",
        "Geographical LHN": "EFNLHN",
        "Site Name": "SA Ambulance - Cowell",
        "Address": "1 Lincoln Highway",
        "Suburb": "COWELL",
        "Notes": null,
        "Search Address": "SA Ambulance - Cowell, 1 Lincoln Highway, COWELL",
        "Latitude": -33.6807776394549,
        "Longitude": 136.922304150063
      },
      "geometry": {
        "type": "Point",
        "coordinates": [
          136.922304150063,
          -33.6807776394549
        ]
      }
    },
    {
      "type": "Feature",
      "properties": {
        "Site ID": 142,
        "Governing LHN": "SAAS",
        "Geographical LHN": "EFNLHN",
        "Site Name": "SA Ambulance - Kimba",
        "Address": "8B Cross Street",
        "Suburb": "KIMBA",
        "Notes": null,
        "Search Address": "SA Ambulance - Kimba, 8B Cross Street, KIMBA",
        "Latitude": -33.1385546542828,
        "Longitude": 136.419152037172
      },
      "geometry": {
        "type": "Point",
        "coordinates": [
          136.419152037172,
          -33.1385546542828
        ]
      }
    },
    {
      "type": "Feature",
      "properties": {
        "Site ID": 143,
        "Governing LHN": "SAAS",
        "Geographical LHN": "EFNLHN",
        "Site Name": "SA Ambulance - Lock",
        "Address": " Dearman Street",
        "Suburb": "LOCK",
        "Notes": null,
        "Search Address": "SA Ambulance - Lock,  Dearman Street, LOCK",
        "Latitude": -33.5669091500154,
        "Longitude": 135.756028010965
      },
      "geometry": {
        "type": "Point",
        "coordinates": [
          135.756028010965,
          -33.5669091500154
        ]
      }
    },
    {
      "type": "Feature",
      "properties": {
        "Site ID": 144,
        "Governing LHN": "SAAS",
        "Geographical LHN": "EFNLHN",
        "Site Name": "SA Ambulance - Port Kenny",
        "Address": "4-6 Little Street",
        "Suburb": "PORT KENNY",
        "Notes": null,
        "Search Address": "SA Ambulance - Port Kenny, 4-6 Little Street, PORT KENNY",
        "Latitude": -33.1683189686577,
        "Longitude": 134.685449602376
      },
      "geometry": {
        "type": "Point",
        "coordinates": [
          134.685449602376,
          -33.1683189686577
        ]
      }
    },
    {
      "type": "Feature",
      "properties": {
        "Site ID": 145,
        "Governing LHN": "SAAS",
        "Geographical LHN": "EFNLHN",
        "Site Name": "SA Ambulance - Port Lincoln",
        "Address": "14 Marine Avenue",
        "Suburb": "PORT LINCOLN",
        "Notes": null,
        "Search Address": "SA Ambulance - Port Lincoln, 14 Marine Avenue, PORT LINCOLN",
        "Latitude": -34.724570997168,
        "Longitude": 135.850921951706
      },
      "geometry": {
        "type": "Point",
        "coordinates": [
          135.850921951706,
          -34.724570997168
        ]
      }
    },
    {
      "type": "Feature",
      "properties": {
        "Site ID": 146,
        "Governing LHN": "SAAS",
        "Geographical LHN": "EFNLHN",
        "Site Name": "SA Ambulance - Tumby Bay",
        "Address": "Wibberley Street",
        "Suburb": "TUMBY BAY",
        "Notes": null,
        "Search Address": "SA Ambulance - Tumby Bay, Wibberley Street, TUMBY BAY",
        "Latitude": -34.3719329551145,
        "Longitude": 136.103460226715
      },
      "geometry": {
        "type": "Point",
        "coordinates": [
          136.103460226715,
          -34.3719329551145
        ]
      }
    },
    {
      "type": "Feature",
      "properties": {
        "Site ID": 147,
        "Governing LHN": "SAAS",
        "Geographical LHN": "FUNLHN",
        "Site Name": "SA Ambulance - Hawker",
        "Address": "46 Elder Terrace",
        "Suburb": "HAWKER",
        "Notes": null,
        "Search Address": "SA Ambulance - Hawker, 46 Elder Terrace, HAWKER",
        "Latitude": -31.893455446409,
        "Longitude": 138.428054551865
      },
      "geometry": {
        "type": "Point",
        "coordinates": [
          138.428054551865,
          -31.893455446409
        ]
      }
    },
    {
      "type": "Feature",
      "properties": {
        "Site ID": 148,
        "Governing LHN": "SAAS",
        "Geographical LHN": "FUNLHN",
        "Site Name": "SA Ambulance - Port Augusta",
        "Address": "45 Elizabeth Terrace ",
        "Suburb": "PORT AUGUSTA",
        "Notes": null,
        "Search Address": "SA Ambulance - Port Augusta, 45 Elizabeth Terrace , PORT AUGUSTA",
        "Latitude": -32.5091744740713,
        "Longitude": 137.777286530343
      },
      "geometry": {
        "type": "Point",
        "coordinates": [
          137.777286530343,
          -32.5091744740713
        ]
      }
    },
    {
      "type": "Feature",
      "properties": {
        "Site ID": 149,
        "Governing LHN": "SAAS",
        "Geographical LHN": "FUNLHN",
        "Site Name": "SA Ambulance - Port Augusta",
        "Address": "22-28 Flinders Terrace",
        "Suburb": "PORT AUGUSTA",
        "Notes": null,
        "Search Address": "SA Ambulance - Port Augusta, 22-28 Flinders Terrace, PORT AUGUSTA",
        "Latitude": -32.4946650263476,
        "Longitude": 137.762750384446
      },
      "geometry": {
        "type": "Point",
        "coordinates": [
          137.762750384446,
          -32.4946650263476
        ]
      }
    },
    {
      "type": "Feature",
      "properties": {
        "Site ID": 150,
        "Governing LHN": "SAAS",
        "Geographical LHN": "FUNLHN",
        "Site Name": "SA Ambulance - Quorn",
        "Address": "Hospital Road",
        "Suburb": "QUORN",
        "Notes": null,
        "Search Address": "SA Ambulance - Quorn, Hospital Road, QUORN",
        "Latitude": -32.3517129862572,
        "Longitude": 138.037100794195
      },
      "geometry": {
        "type": "Point",
        "coordinates": [
          138.037100794195,
          -32.3517129862572
        ]
      }
    },
    {
      "type": "Feature",
      "properties": {
        "Site ID": 151,
        "Governing LHN": "SAAS",
        "Geographical LHN": "FUNLHN",
        "Site Name": "SA Ambulance - Whyalla Playford ",
        "Address": "118 Nicolson Avenue",
        "Suburb": "WHYALLA NORRIE",
        "Notes": "Note: New site in Whyalla being built – unsure if both sites to operate or if existing will close.",
        "Search Address": "SA Ambulance - Whyalla Playford , 118 Nicolson Avenue, WHYALLA NORRIE",
        "Latitude": -33.0285679029993,
        "Longitude": 137.552655383759
      },
      "geometry": {
        "type": "Point",
        "coordinates": [
          137.552655383759,
          -33.0285679029993
        ]
      }
    },
    {
      "type": "Feature",
      "properties": {
        "Site ID": 152,
        "Governing LHN": "SAAS",
        "Geographical LHN": "LCLHN",
        "Site Name": "SA Ambulance - Bordertown",
        "Address": "Tatiara Terrace",
        "Suburb": "BORDERTOWN",
        "Notes": null,
        "Search Address": "SA Ambulance - Bordertown, Tatiara Terrace, BORDERTOWN",
        "Latitude": -36.3082343861674,
        "Longitude": 140.770091506485
      },
      "geometry": {
        "type": "Point",
        "coordinates": [
          140.770091506485,
          -36.3082343861674
        ]
      }
    },
    {
      "type": "Feature",
      "properties": {
        "Site ID": 153,
        "Governing LHN": "SAAS",
        "Geographical LHN": "LCLHN",
        "Site Name": "SA Ambulance - Keith",
        "Address": "27 Hill Avenue",
        "Suburb": "KEITH",
        "Notes": null,
        "Search Address": "SA Ambulance - Keith, 27 Hill Avenue, KEITH",
        "Latitude": -36.0975324392778,
        "Longitude": 140.346148956934
      },
      "geometry": {
        "type": "Point",
        "coordinates": [
          140.346148956934,
          -36.0975324392778
        ]
      }
    },
    {
      "type": "Feature",
      "properties": {
        "Site ID": 154,
        "Governing LHN": "SAAS",
        "Geographical LHN": "LCLHN",
        "Site Name": "SA Ambulance - Millicent",
        "Address": "Mount Gambier Road ",
        "Suburb": "MILLICENT",
        "Notes": null,
        "Search Address": "SA Ambulance - Millicent, Mount Gambier Road , MILLICENT",
        "Latitude": -37.5981333631292,
        "Longitude": 140.358157010402
      },
      "geometry": {
        "type": "Point",
        "coordinates": [
          140.358157010402,
          -37.5981333631292
        ]
      }
    },
    {
      "type": "Feature",
      "properties": {
        "Site ID": 155,
        "Governing LHN": "SAAS",
        "Geographical LHN": "LCLHN",
        "Site Name": "SA Ambulance - Mount Gambier",
        "Address": "54 Sturt Street",
        "Suburb": "MOUNT GAMBIER",
        "Notes": null,
        "Search Address": "SA Ambulance - Mount Gambier, 54 Sturt Street, MOUNT GAMBIER",
        "Latitude": -37.8327231759153,
        "Longitude": 140.78592908331
      },
      "geometry": {
        "type": "Point",
        "coordinates": [
          140.78592908331,
          -37.8327231759153
        ]
      }
    },
    {
      "type": "Feature",
      "properties": {
        "Site ID": 156,
        "Governing LHN": "SAAS",
        "Geographical LHN": "LCLHN",
        "Site Name": "SA Ambulance - Nangwarry",
        "Address": "Riddoch Highway",
        "Suburb": "NANGWARRY",
        "Notes": null,
        "Search Address": "SA Ambulance - Nangwarry, Riddoch Highway, NANGWARRY",
        "Latitude": -37.5426002695974,
        "Longitude": 140.814325225896
      },
      "geometry": {
        "type": "Point",
        "coordinates": [
          140.814325225896,
          -37.5426002695974
        ]
      }
    },
    {
      "type": "Feature",
      "properties": {
        "Site ID": 157,
        "Governing LHN": "SAAS",
        "Geographical LHN": "LCLHN",
        "Site Name": "SA Ambulance - Naracoorte",
        "Address": "100 Butler Terrace",
        "Suburb": "NARACOORTE",
        "Notes": null,
        "Search Address": "SA Ambulance - Naracoorte, 100 Butler Terrace, NARACOORTE",
        "Latitude": -36.9645581902137,
        "Longitude": 140.744521369545
      },
      "geometry": {
        "type": "Point",
        "coordinates": [
          140.744521369545,
          -36.9645581902137
        ]
      }
    },
    {
      "type": "Feature",
      "properties": {
        "Site ID": 158,
        "Governing LHN": "SAAS",
        "Geographical LHN": "LCLHN",
        "Site Name": "SA Ambulance - Penola",
        "Address": "16E Church Street",
        "Suburb": "PENOLA",
        "Notes": null,
        "Search Address": "SA Ambulance - Penola, 16E Church Street, PENOLA",
        "Latitude": -37.3835350813811,
        "Longitude": 140.836319721988
      },
      "geometry": {
        "type": "Point",
        "coordinates": [
          140.836319721988,
          -37.3835350813811
        ]
      }
    },
    {
      "type": "Feature",
      "properties": {
        "Site ID": 159,
        "Governing LHN": "SAAS",
        "Geographical LHN": "LCLHN",
        "Site Name": "SA Ambulance - Port MacDonnell",
        "Address": "42 Meylin Street",
        "Suburb": "PORT MACDONNELL",
        "Notes": null,
        "Search Address": "SA Ambulance - Port MacDonnell, 42 Meylin Street, PORT MACDONNELL",
        "Latitude": -38.0528681293063,
        "Longitude": 140.699721485447
      },
      "geometry": {
        "type": "Point",
        "coordinates": [
          140.699721485447,
          -38.0528681293063
        ]
      }
    },
    {
      "type": "Feature",
      "properties": {
        "Site ID": 160,
        "Governing LHN": "SAAS",
        "Geographical LHN": "NALHN",
        "Site Name": "SA Ambulance - Elizabeth",
        "Address": "Corner Tolmer and Main North Road",
        "Suburb": "ELIZABETH PARK",
        "Notes": null,
        "Search Address": "SA Ambulance - Elizabeth, Corner Tolmer and Main North Road, ELIZABETH PARK",
        "Latitude": -34.7077862338848,
        "Longitude": 138.679177549428
      },
      "geometry": {
        "type": "Point",
        "coordinates": [
          138.679177549428,
          -34.7077862338848
        ]
      }
    },
    {
      "type": "Feature",
      "properties": {
        "Site ID": 161,
        "Governing LHN": "SAAS",
        "Geographical LHN": "NALHN",
        "Site Name": "SA Ambulance - Gepps Cross",
        "Address": "7 Scania Court",
        "Suburb": "GEPPS CROSS",
        "Notes": null,
        "Search Address": "SA Ambulance - Gepps Cross, 7 Scania Court, GEPPS CROSS",
        "Latitude": -34.8443086715753,
        "Longitude": 138.593433484417
      },
      "geometry": {
        "type": "Point",
        "coordinates": [
          138.593433484417,
          -34.8443086715753
        ]
      }
    },
    {
      "type": "Feature",
      "properties": {
        "Site ID": 162,
        "Governing LHN": "SAAS",
        "Geographical LHN": "NALHN",
        "Site Name": "SA Ambulance - Golden Grove",
        "Address": "411 The Grove Way ",
        "Suburb": "GOLDEN GROVE",
        "Notes": null,
        "Search Address": "SA Ambulance - Golden Grove, 411 The Grove Way , GOLDEN GROVE",
        "Latitude": -34.7917487435209,
        "Longitude": 138.697354407937
      },
      "geometry": {
        "type": "Point",
        "coordinates": [
          138.697354407937,
          -34.7917487435209
        ]
      }
    },
    {
      "type": "Feature",
      "properties": {
        "Site ID": 163,
        "Governing LHN": "SAAS",
        "Geographical LHN": "NALHN",
        "Site Name": "SA Ambulance - Oakden",
        "Address": "258 Fosters Road",
        "Suburb": "OAKDEN",
        "Notes": null,
        "Search Address": "SA Ambulance - Oakden, 258 Fosters Road, OAKDEN",
        "Latitude": -34.8509301457412,
        "Longitude": 138.636412839357
      },
      "geometry": {
        "type": "Point",
        "coordinates": [
          138.636412839357,
          -34.8509301457412
        ]
      }
    },
    {
      "type": "Feature",
      "properties": {
        "Site ID": 164,
        "Governing LHN": "SAAS",
        "Geographical LHN": "NALHN",
        "Site Name": "SA Ambulance - Parafield",
        "Address": "1 Lockheed Lane",
        "Suburb": "PARAFIELD",
        "Notes": null,
        "Search Address": "SA Ambulance - Parafield, 1 Lockheed Lane, PARAFIELD",
        "Latitude": -34.8511381055997,
        "Longitude": 138.635827996082
      },
      "geometry": {
        "type": "Point",
        "coordinates": [
          138.635827996082,
          -34.8511381055997
        ]
      }
    },
    {
      "type": "Feature",
      "properties": {
        "Site ID": 165,
        "Governing LHN": "SAAS",
        "Geographical LHN": "NALHN",
        "Site Name": "SA Ambulance - Redwood Park",
        "Address": "372 Milne Road",
        "Suburb": "REDWOOD PARK",
        "Notes": null,
        "Search Address": "SA Ambulance - Redwood Park, 372 Milne Road, REDWOOD PARK",
        "Latitude": -34.8169810309825,
        "Longitude": 138.695324563218
      },
      "geometry": {
        "type": "Point",
        "coordinates": [
          138.695324563218,
          -34.8169810309825
        ]
      }
    },
    {
      "type": "Feature",
      "properties": {
        "Site ID": 166,
        "Governing LHN": "SAAS",
        "Geographical LHN": "NALHN",
        "Site Name": "SA Ambulance - Salisbury",
        "Address": "1-3 Bremen Drive",
        "Suburb": "SALISBURY SOUTH",
        "Notes": null,
        "Search Address": "SA Ambulance - Salisbury, 1-3 Bremen Drive, SALISBURY SOUTH",
        "Latitude": -34.7837668867964,
        "Longitude": 138.637369548217
      },
      "geometry": {
        "type": "Point",
        "coordinates": [
          138.637369548217,
          -34.7837668867964
        ]
      }
    },
    {
      "type": "Feature",
      "properties": {
        "Site ID": 167,
        "Governing LHN": "SAAS",
        "Geographical LHN": "RMCLHN",
        "Site Name": "SA Ambulance - Barmera",
        "Address": "1B Langdon Terrace",
        "Suburb": "BARMERA",
        "Notes": null,
        "Search Address": "SA Ambulance - Barmera, 1B Langdon Terrace, BARMERA",
        "Latitude": -34.2529387195997,
        "Longitude": 140.466610944854
      },
      "geometry": {
        "type": "Point",
        "coordinates": [
          140.466610944854,
          -34.2529387195997
        ]
      }
    },
    {
      "type": "Feature",
      "properties": {
        "Site ID": 168,
        "Governing LHN": "SAAS",
        "Geographical LHN": "RMCLHN",
        "Site Name": "SA Ambulance - Berri",
        "Address": "25 Cornwall Street ",
        "Suburb": "BERRI",
        "Notes": null,
        "Search Address": "SA Ambulance - Berri, 25 Cornwall Street , BERRI",
        "Latitude": -34.2774773327486,
        "Longitude": 140.601934059439
      },
      "geometry": {
        "type": "Point",
        "coordinates": [
          140.601934059439,
          -34.2774773327486
        ]
      }
    },
    {
      "type": "Feature",
      "properties": {
        "Site ID": 170,
        "Governing LHN": "SAAS",
        "Geographical LHN": "RMCLHN",
        "Site Name": "SA Ambulance - Karoonda",
        "Address": "20 Stokes Road",
        "Suburb": "KAROONDA",
        "Notes": null,
        "Search Address": "SA Ambulance - Karoonda, 20 Stokes Road, KAROONDA",
        "Latitude": -35.0949208322458,
        "Longitude": 139.889737268647
      },
      "geometry": {
        "type": "Point",
        "coordinates": [
          139.889737268647,
          -35.0949208322458
        ]
      }
    },
    {
      "type": "Feature",
      "properties": {
        "Site ID": 171,
        "Governing LHN": "SAAS",
        "Geographical LHN": "RMCLHN",
        "Site Name": "SA Ambulance - Lameroo",
        "Address": "Chandos Terrace",
        "Suburb": "LAMEROO",
        "Notes": null,
        "Search Address": "SA Ambulance - Lameroo, Chandos Terrace, LAMEROO",
        "Latitude": -35.3289401125202,
        "Longitude": 140.515031103128
      },
      "geometry": {
        "type": "Point",
        "coordinates": [
          140.515031103128,
          -35.3289401125202
        ]
      }
    },
    {
      "type": "Feature",
      "properties": {
        "Site ID": 172,
        "Governing LHN": "SAAS",
        "Geographical LHN": "RMCLHN",
        "Site Name": "SA Ambulance - Loxton",
        "Address": "Anzac Crescent ",
        "Suburb": "LOXTON",
        "Notes": null,
        "Search Address": "SA Ambulance - Loxton, Anzac Crescent , LOXTON",
        "Latitude": -34.4534114610662,
        "Longitude": 140.573445197587
      },
      "geometry": {
        "type": "Point",
        "coordinates": [
          140.573445197587,
          -34.4534114610662
        ]
      }
    },
    {
      "type": "Feature",
      "properties": {
        "Site ID": 173,
        "Governing LHN": "SAAS",
        "Geographical LHN": "LCLHN",
        "Site Name": "SA Ambulance - Lucindale",
        "Address": "1 Musgrave Avenue",
        "Suburb": "LUCINDALE",
        "Notes": null,
        "Search Address": "SA Ambulance - Lucindale, 1 Musgrave Avenue, LUCINDALE",
        "Latitude": -36.9723861502462,
        "Longitude": 140.367073585238
      },
      "geometry": {
        "type": "Point",
        "coordinates": [
          140.367073585238,
          -36.9723861502462
        ]
      }
    },
    {
      "type": "Feature",
      "properties": {
        "Site ID": 174,
        "Governing LHN": "SAAS",
        "Geographical LHN": "RMCLHN",
        "Site Name": "SA Ambulance - Mannum",
        "Address": "56 Adelaide Road",
        "Suburb": "MANNUM",
        "Notes": null,
        "Search Address": "SA Ambulance - Mannum, 56 Adelaide Road, MANNUM",
        "Latitude": -34.9146713347771,
        "Longitude": 139.301851666796
      },
      "geometry": {
        "type": "Point",
        "coordinates": [
          139.301851666796,
          -34.9146713347771
        ]
      }
    },
    {
      "type": "Feature",
      "properties": {
        "Site ID": 175,
        "Governing LHN": "SAAS",
        "Geographical LHN": "RMCLHN",
        "Site Name": "SA Ambulance - Meningie",
        "Address": "104 Princes Highway",
        "Suburb": "MENINGIE",
        "Notes": null,
        "Search Address": "SA Ambulance - Meningie, 104 Princes Highway, MENINGIE",
        "Latitude": -35.6923654934322,
        "Longitude": 139.336728018825
      },
      "geometry": {
        "type": "Point",
        "coordinates": [
          139.336728018825,
          -35.6923654934322
        ]
      }
    },
    {
      "type": "Feature",
      "properties": {
        "Site ID": 176,
        "Governing LHN": "SAAS",
        "Geographical LHN": "RMCLHN",
        "Site Name": "SA Ambulance - Morgan",
        "Address": "Corner First and Third Streets",
        "Suburb": "MORGAN",
        "Notes": null,
        "Search Address": "SA Ambulance - Morgan, Corner First and Third Streets, MORGAN",
        "Latitude": -34.0331814228523,
        "Longitude": 139.670163039481
      },
      "geometry": {
        "type": "Point",
        "coordinates": [
          139.670163039481,
          -34.0331814228523
        ]
      }
    },
    {
      "type": "Feature",
      "properties": {
        "Site ID": 177,
        "Governing LHN": "SAAS",
        "Geographical LHN": "RMCLHN",
        "Site Name": "SA Ambulance - Murray Bridge",
        "Address": "253 Swanport Road",
        "Suburb": "MURRAY BRIDGE",
        "Notes": null,
        "Search Address": "SA Ambulance - Murray Bridge, 253 Swanport Road, MURRAY BRIDGE",
        "Latitude": -35.144564926027,
        "Longitude": 139.285505137942
      },
      "geometry": {
        "type": "Point",
        "coordinates": [
          139.285505137942,
          -35.144564926027
        ]
      }
    },
    {
      "type": "Feature",
      "properties": {
        "Site ID": 178,
        "Governing LHN": "SAAS",
        "Geographical LHN": "RMCLHN",
        "Site Name": "SA Ambulance - Pinnaroo",
        "Address": "Railway Terrace",
        "Suburb": "PINNAROO",
        "Notes": null,
        "Search Address": "SA Ambulance - Pinnaroo, Railway Terrace, PINNAROO",
        "Latitude": -35.2597799119123,
        "Longitude": 140.910028860197
      },
      "geometry": {
        "type": "Point",
        "coordinates": [
          140.910028860197,
          -35.2597799119123
        ]
      }
    },
    {
      "type": "Feature",
      "properties": {
        "Site ID": 179,
        "Governing LHN": "SAAS",
        "Geographical LHN": "RMCLHN",
        "Site Name": "SA Ambulance - Renmark",
        "Address": "166 Eighteenth Street",
        "Suburb": "RENMARK",
        "Notes": null,
        "Search Address": "SA Ambulance - Renmark, 166 Eighteenth Street, RENMARK",
        "Latitude": -34.1744058561397,
        "Longitude": 140.744680054259
      },
      "geometry": {
        "type": "Point",
        "coordinates": [
          140.744680054259,
          -34.1744058561397
        ]
      }
    },
    {
      "type": "Feature",
      "properties": {
        "Site ID": 180,
        "Governing LHN": "SAAS",
        "Geographical LHN": "RMCLHN",
        "Site Name": "SA Ambulance - Tailem Bend",
        "Address": "67 Princes Highway",
        "Suburb": "TAILEM BEND",
        "Notes": null,
        "Search Address": "SA Ambulance - Tailem Bend, 67 Princes Highway, TAILEM BEND",
        "Latitude": -35.2542933989387,
        "Longitude": 139.453173704358
      },
      "geometry": {
        "type": "Point",
        "coordinates": [
          139.453173704358,
          -35.2542933989387
        ]
      }
    },
    {
      "type": "Feature",
      "properties": {
        "Site ID": 181,
        "Governing LHN": "SAAS",
        "Geographical LHN": "RMCLHN",
        "Site Name": "SA Ambulance - Tintinara",
        "Address": "28-30 Wendt Terrace",
        "Suburb": "TINTINARA ",
        "Notes": null,
        "Search Address": "SA Ambulance - Tintinara, 28-30 Wendt Terrace, TINTINARA ",
        "Latitude": -35.882119941293,
        "Longitude": 140.057322584752
      },
      "geometry": {
        "type": "Point",
        "coordinates": [
          140.057322584752,
          -35.882119941293
        ]
      }
    },
    {
      "type": "Feature",
      "properties": {
        "Site ID": 182,
        "Governing LHN": "SAAS",
        "Geographical LHN": "RMCLHN",
        "Site Name": "SA Ambulance - Waikerie",
        "Address": "1 Dowling Street",
        "Suburb": "WAIKERIE",
        "Notes": null,
        "Search Address": "SA Ambulance - Waikerie, 1 Dowling Street, WAIKERIE",
        "Latitude": -34.1823200854567,
        "Longitude": 139.986774650774
      },
      "geometry": {
        "type": "Point",
        "coordinates": [
          139.986774650774,
          -34.1823200854567
        ]
      }
    },
    {
      "type": "Feature",
      "properties": {
        "Site ID": 183,
        "Governing LHN": "SAAS",
        "Geographical LHN": "SALHN",
        "Site Name": "SA Ambulance - Aldinga",
        "Address": "200 Port Road",
        "Suburb": "ALDINGA",
        "Notes": null,
        "Search Address": "SA Ambulance - Aldinga, 200 Port Road, ALDINGA",
        "Latitude": -35.2675395417725,
        "Longitude": 138.482364753556
      },
      "geometry": {
        "type": "Point",
        "coordinates": [
          138.482364753556,
          -35.2675395417725
        ]
      }
    },
    {
      "type": "Feature",
      "properties": {
        "Site ID": 184,
        "Governing LHN": "SAAS",
        "Geographical LHN": "SALHN",
        "Site Name": "SA Ambulance - Edwardstown",
        "Address": "220 Daws Road",
        "Suburb": "DAW PARK",
        "Notes": null,
        "Search Address": "SA Ambulance - Edwardstown, 220 Daws Road, DAW PARK",
        "Latitude": -34.9916137679472,
        "Longitude": 138.591133150322
      },
      "geometry": {
        "type": "Point",
        "coordinates": [
          138.591133150322,
          -34.9916137679472
        ]
      }
    },
    {
      "type": "Feature",
      "properties": {
        "Site ID": 185,
        "Governing LHN": "SAAS",
        "Geographical LHN": "SALHN",
        "Site Name": "SA Ambulance - Edwardstown",
        "Address": "6 Deloraine Road",
        "Suburb": "EDWARDSTOWN",
        "Notes": "Closed",
        "Search Address": "SA Ambulance - Edwardstown, 6 Deloraine Road, EDWARDSTOWN",
        "Latitude": -34.9878899006577,
        "Longitude": 138.573154235944
      },
      "geometry": {
        "type": "Point",
        "coordinates": [
          138.573154235944,
          -34.9878899006577
        ]
      }
    },
    {
      "type": "Feature",
      "properties": {
        "Site ID": 186,
        "Governing LHN": "SAAS",
        "Geographical LHN": "SALHN",
        "Site Name": "SA Ambulance - Glengowrie",
        "Address": "88A Morphett Road",
        "Suburb": "GLENGOWRIE",
        "Notes": null,
        "Search Address": "SA Ambulance - Glengowrie, 88A Morphett Road, GLENGOWRIE",
        "Latitude": -34.9803087627065,
        "Longitude": 138.537596133229
      },
      "geometry": {
        "type": "Point",
        "coordinates": [
          138.537596133229,
          -34.9803087627065
        ]
      }
    },
    {
      "type": "Feature",
      "properties": {
        "Site ID": 187,
        "Governing LHN": "SAAS",
        "Geographical LHN": "SALHN",
        "Site Name": "SA Ambulance - Marion",
        "Address": "346 Sturt Road",
        "Suburb": "MITCHELL PARK",
        "Notes": null,
        "Search Address": "SA Ambulance - Marion, 346 Sturt Road, MITCHELL PARK",
        "Latitude": -35.0165312577058,
        "Longitude": 138.564826184213
      },
      "geometry": {
        "type": "Point",
        "coordinates": [
          138.564826184213,
          -35.0165312577058
        ]
      }
    },
    {
      "type": "Feature",
      "properties": {
        "Site ID": 188,
        "Governing LHN": "SAAS",
        "Geographical LHN": "SALHN",
        "Site Name": "SA Ambulance - Mclaren Vale",
        "Address": "Aldersey Street",
        "Suburb": "MCLAREN VALE",
        "Notes": null,
        "Search Address": "SA Ambulance - Mclaren Vale, Aldersey Street, MCLAREN VALE",
        "Latitude": -35.2206564958041,
        "Longitude": 138.54483135878
      },
      "geometry": {
        "type": "Point",
        "coordinates": [
          138.54483135878,
          -35.2206564958041
        ]
      }
    },
    {
      "type": "Feature",
      "properties": {
        "Site ID": 189,
        "Governing LHN": "SAAS",
        "Geographical LHN": "SALHN",
        "Site Name": "SA Ambulance - Mitcham",
        "Address": "221 Belair Road",
        "Suburb": "TORRENS PARK",
        "Notes": null,
        "Search Address": "SA Ambulance - Mitcham, 221 Belair Road, TORRENS PARK",
        "Latitude": -34.9856965784796,
        "Longitude": 138.611814468034
      },
      "geometry": {
        "type": "Point",
        "coordinates": [
          138.611814468034,
          -34.9856965784796
        ]
      }
    },
    {
      "type": "Feature",
      "properties": {
        "Site ID": 190,
        "Governing LHN": "SAAS",
        "Geographical LHN": "SALHN",
        "Site Name": "SA Ambulance - Noarlunga",
        "Address": "27 Alexander Kelly Drive",
        "Suburb": "NOARLUNGA",
        "Notes": null,
        "Search Address": "SA Ambulance - Noarlunga, 27 Alexander Kelly Drive, NOARLUNGA",
        "Latitude": -35.1382916618161,
        "Longitude": 138.501024022833
      },
      "geometry": {
        "type": "Point",
        "coordinates": [
          138.501024022833,
          -35.1382916618161
        ]
      }
    },
    {
      "type": "Feature",
      "properties": {
        "Site ID": 191,
        "Governing LHN": "SAAS",
        "Geographical LHN": "SALHN",
        "Site Name": "SA Ambulance - Ohalloran Hill",
        "Address": "4 Majors Road ",
        "Suburb": "O'HALLORAN HILL",
        "Notes": null,
        "Search Address": "SA Ambulance - Ohalloran Hill, 4 Majors Road , O'HALLORAN HILL",
        "Latitude": -35.0549458046969,
        "Longitude": 138.544988125057
      },
      "geometry": {
        "type": "Point",
        "coordinates": [
          138.544988125057,
          -35.0549458046969
        ]
      }
    },
    {
      "type": "Feature",
      "properties": {
        "Site ID": 192,
        "Governing LHN": "SAAS",
        "Geographical LHN": "SALHN",
        "Site Name": "SA Ambulance - Seaford",
        "Address": "80 Seaford Road",
        "Suburb": "SEAFORD",
        "Notes": null,
        "Search Address": "SA Ambulance - Seaford, 80 Seaford Road, SEAFORD",
        "Latitude": -35.1810589515377,
        "Longitude": 138.478169086566
      },
      "geometry": {
        "type": "Point",
        "coordinates": [
          138.478169086566,
          -35.1810589515377
        ]
      }
    },
    {
      "type": "Feature",
      "properties": {
        "Site ID": 193,
        "Governing LHN": "SAAS",
        "Geographical LHN": "SALHN",
        "Site Name": "SA Ambulance - Torrens Park",
        "Address": "221 Belair Road",
        "Suburb": "TORRENS PARK",
        "Notes": null,
        "Search Address": "SA Ambulance - Torrens Park, 221 Belair Road, TORRENS PARK",
        "Latitude": -34.9856965784796,
        "Longitude": 138.611814468034
      },
      "geometry": {
        "type": "Point",
        "coordinates": [
          138.611814468034,
          -34.9856965784796
        ]
      }
    },
    {
      "type": "Feature",
      "properties": {
        "Site ID": 194,
        "Governing LHN": "SAAS",
        "Geographical LHN": "YNLHN",
        "Site Name": "SA Ambulance - Booleroo",
        "Address": "Lot 6, 3-13 Stephens Street",
        "Suburb": "BOOLEROO",
        "Notes": null,
        "Search Address": "SA Ambulance - Booleroo, Lot 6, 3-13 Stephens Street, BOOLEROO",
        "Latitude": -32.8770818992303,
        "Longitude": 138.3507281503
      },
      "geometry": {
        "type": "Point",
        "coordinates": [
          138.3507281503,
          -32.8770818992303
        ]
      }
    },
    {
      "type": "Feature",
      "properties": {
        "Site ID": 195,
        "Governing LHN": "SAAS",
        "Geographical LHN": "YNLHN",
        "Site Name": "SA Ambulance - Burra",
        "Address": "Block A, Market Street",
        "Suburb": "BURRA",
        "Notes": null,
        "Search Address": "SA Ambulance - Burra, Block A, Market Street, BURRA",
        "Latitude": -33.6736376563014,
        "Longitude": 138.930049347399
      },
      "geometry": {
        "type": "Point",
        "coordinates": [
          138.930049347399,
          -33.6736376563014
        ]
      }
    },
    {
      "type": "Feature",
      "properties": {
        "Site ID": 196,
        "Governing LHN": "SAAS",
        "Geographical LHN": "YNLHN",
        "Site Name": "SA Ambulance - Clare",
        "Address": "Webb Street",
        "Suburb": "CLARE",
        "Notes": null,
        "Search Address": "SA Ambulance - Clare, Webb Street, CLARE",
        "Latitude": -33.8301182965129,
        "Longitude": 138.613663911335
      },
      "geometry": {
        "type": "Point",
        "coordinates": [
          138.613663911335,
          -33.8301182965129
        ]
      }
    },
    {
      "type": "Feature",
      "properties": {
        "Site ID": 197,
        "Governing LHN": "SAAS",
        "Geographical LHN": "YNLHN",
        "Site Name": "SA Ambulance - Crystal Brook",
        "Address": "35 Brandis Street",
        "Suburb": "CRYSTAL BROOK",
        "Notes": null,
        "Search Address": "SA Ambulance - Crystal Brook, 35 Brandis Street, CRYSTAL BROOK",
        "Latitude": -33.3530163267631,
        "Longitude": 138.208198076763
      },
      "geometry": {
        "type": "Point",
        "coordinates": [
          138.208198076763,
          -33.3530163267631
        ]
      }
    },
    {
      "type": "Feature",
      "properties": {
        "Site ID": 198,
        "Governing LHN": "SAAS",
        "Geographical LHN": "YNLHN",
        "Site Name": "SA Ambulance - Hamley Bridge",
        "Address": "Light Street",
        "Suburb": "HAMLEY BRIDGE",
        "Notes": null,
        "Search Address": "SA Ambulance - Hamley Bridge, Light Street, HAMLEY BRIDGE",
        "Latitude": -34.3570677698606,
        "Longitude": 138.681887495387
      },
      "geometry": {
        "type": "Point",
        "coordinates": [
          138.681887495387,
          -34.3570677698606
        ]
      }
    },
    {
      "type": "Feature",
      "properties": {
        "Site ID": 199,
        "Governing LHN": "SAAS",
        "Geographical LHN": "YNLHN",
        "Site Name": "SA Ambulance - Jamestown",
        "Address": "Irvine Street",
        "Suburb": "JAMESTOWN",
        "Notes": null,
        "Search Address": "SA Ambulance - Jamestown, Irvine Street, JAMESTOWN",
        "Latitude": -33.2067897530094,
        "Longitude": 138.604693891614
      },
      "geometry": {
        "type": "Point",
        "coordinates": [
          138.604693891614,
          -33.2067897530094
        ]
      }
    },
    {
      "type": "Feature",
      "properties": {
        "Site ID": 200,
        "Governing LHN": "SAAS",
        "Geographical LHN": "YNLHN",
        "Site Name": "SA Ambulance - Kadina",
        "Address": "Day Street",
        "Suburb": "KADINA",
        "Notes": null,
        "Search Address": "SA Ambulance - Kadina, Day Street, KADINA",
        "Latitude": -33.9632672198347,
        "Longitude": 137.710572018335
      },
      "geometry": {
        "type": "Point",
        "coordinates": [
          137.710572018335,
          -33.9632672198347
        ]
      }
    },
    {
      "type": "Feature",
      "properties": {
        "Site ID": 201,
        "Governing LHN": "SAAS",
        "Geographical LHN": "YNLHN",
        "Site Name": "SA Ambulance - Maitland",
        "Address": "Moonta Road",
        "Suburb": "MAITLAND",
        "Notes": null,
        "Search Address": "SA Ambulance - Maitland, Moonta Road, MAITLAND",
        "Latitude": -34.3709672479798,
        "Longitude": 137.673990797122
      },
      "geometry": {
        "type": "Point",
        "coordinates": [
          137.673990797122,
          -34.3709672479798
        ]
      }
    },
    {
      "type": "Feature",
      "properties": {
        "Site ID": 202,
        "Governing LHN": "SAAS",
        "Geographical LHN": "YNLHN",
        "Site Name": "SA Ambulance - Moonta",
        "Address": "7 Ryan Street",
        "Suburb": "MOONTA",
        "Notes": null,
        "Search Address": "SA Ambulance - Moonta, 7 Ryan Street, MOONTA",
        "Latitude": -34.0683976218897,
        "Longitude": 137.592841366193
      },
      "geometry": {
        "type": "Point",
        "coordinates": [
          137.592841366193,
          -34.0683976218897
        ]
      }
    },
    {
      "type": "Feature",
      "properties": {
        "Site ID": 203,
        "Governing LHN": "SAAS",
        "Geographical LHN": "YNLHN",
        "Site Name": "SA Ambulance - Orroroo",
        "Address": "Lot 3/ 50 RM Williams Way",
        "Suburb": "ORROROO",
        "Notes": null,
        "Search Address": "SA Ambulance - Orroroo, Lot 3/ 50 RM Williams Way, ORROROO",
        "Latitude": -32.7359857098813,
        "Longitude": 138.617606382097
      },
      "geometry": {
        "type": "Point",
        "coordinates": [
          138.617606382097,
          -32.7359857098813
        ]
      }
    },
    {
      "type": "Feature",
      "properties": {
        "Site ID": 204,
        "Governing LHN": "SAAS",
        "Geographical LHN": "YNLHN",
        "Site Name": "SA Ambulance - Peterborough",
        "Address": "19 Queen Street",
        "Suburb": "PETERBOROUGH",
        "Notes": "closed",
        "Search Address": "SA Ambulance - Peterborough, 19 Queen Street, PETERBOROUGH",
        "Latitude": -32.9772420179392,
        "Longitude": 138.842925068008
      },
      "geometry": {
        "type": "Point",
        "coordinates": [
          138.842925068008,
          -32.9772420179392
        ]
      }
    },
    {
      "type": "Feature",
      "properties": {
        "Site ID": 205,
        "Governing LHN": "SAAS",
        "Geographical LHN": "YNLHN",
        "Site Name": "SA Ambulance - Pt Pirie",
        "Address": "97a Grey Terrace",
        "Suburb": "PORT PIRIE",
        "Notes": null,
        "Search Address": "SA Ambulance - Pt Pirie, 97a Grey Terrace, PORT PIRIE",
        "Latitude": -33.1898729392202,
        "Longitude": 138.005795548372
      },
      "geometry": {
        "type": "Point",
        "coordinates": [
          138.005795548372,
          -33.1898729392202
        ]
      }
    },
    {
      "type": "Feature",
      "properties": {
        "Site ID": 206,
        "Governing LHN": "SAAS",
        "Geographical LHN": "YNLHN",
        "Site Name": "SA Ambulance - Pt Wakefield",
        "Address": "5 East Street ",
        "Suburb": "PORT WAKEFIELD",
        "Notes": null,
        "Search Address": "SA Ambulance - Pt Wakefield, 5 East Street , PORT WAKEFIELD",
        "Latitude": -34.186370139474,
        "Longitude": 138.153032626192
      },
      "geometry": {
        "type": "Point",
        "coordinates": [
          138.153032626192,
          -34.186370139474
        ]
      }
    },
    {
      "type": "Feature",
      "properties": {
        "Site ID": 207,
        "Governing LHN": "SAAS",
        "Geographical LHN": "YNLHN",
        "Site Name": "SA Ambulance - Snowtown",
        "Address": "1 Adelaide Road",
        "Suburb": "SNOWTOWN",
        "Notes": null,
        "Search Address": "SA Ambulance - Snowtown, 1 Adelaide Road, SNOWTOWN",
        "Latitude": -33.7879924586499,
        "Longitude": 138.21085927489
      },
      "geometry": {
        "type": "Point",
        "coordinates": [
          138.21085927489,
          -33.7879924586499
        ]
      }
    },
    {
      "type": "Feature",
      "properties": {
        "Site ID": 208,
        "Governing LHN": "SAAS",
        "Geographical LHN": "YNLHN",
        "Site Name": "SA Ambulance - Wallaroo",
        "Address": "Ernest Terrace ",
        "Suburb": "WALLAROO",
        "Notes": null,
        "Search Address": "SA Ambulance - Wallaroo, Ernest Terrace , WALLAROO",
        "Latitude": -33.928825442307,
        "Longitude": 137.636226795462
      },
      "geometry": {
        "type": "Point",
        "coordinates": [
          137.636226795462,
          -33.928825442307
        ]
      }
    },
    {
      "type": "Feature",
      "properties": {
        "Site ID": 209,
        "Governing LHN": "SAAS",
        "Geographical LHN": "YNLHN",
        "Site Name": "SA Ambulance - Warooka",
        "Address": "15-17 Fourth Street",
        "Suburb": "WAROOKA",
        "Notes": null,
        "Search Address": "SA Ambulance - Warooka, 15-17 Fourth Street, WAROOKA",
        "Latitude": -34.9921854255587,
        "Longitude": 137.400029702805
      },
      "geometry": {
        "type": "Point",
        "coordinates": [
          137.400029702805,
          -34.9921854255587
        ]
      }
    },
    {
      "type": "Feature",
      "properties": {
        "Site ID": 210,
        "Governing LHN": "SAAS",
        "Geographical LHN": "YNLHN",
        "Site Name": "SA Ambulance - Yorketown",
        "Address": "Lot 33 Weaners Street",
        "Suburb": "YORKETOWN",
        "Notes": null,
        "Search Address": "SA Ambulance - Yorketown, Lot 33 Weaners Street, YORKETOWN",
        "Latitude": -35.0212750101959,
        "Longitude": 137.606739276709
      },
      "geometry": {
        "type": "Point",
        "coordinates": [
          137.606739276709,
          -35.0212750101959
        ]
      }
    },
    {
      "type": "Feature",
      "properties": {
        "Site ID": 211,
        "Governing LHN": "EFNLHN",
        "Geographical LHN": "EFNLHN",
        "Site Name": "Ceduna District Health Services",
        "Address": "3 Eyre Highway",
        "Suburb": "CEDUNA",
        "Notes": null,
        "Search Address": "Ceduna District Health Services, 3 Eyre Highway, CEDUNA",
        "Latitude": -32.119424018997,
        "Longitude": 133.67215708307
      },
      "geometry": {
        "type": "Point",
        "coordinates": [
          133.67215708307,
          -32.119424018997
        ]
      }
    },
    {
      "type": "Feature",
      "properties": {
        "Site ID": 212,
        "Governing LHN": "EFNLHN",
        "Geographical LHN": "EFNLHN",
        "Site Name": "Cleve District Hospital and Aged Care",
        "Address": "North Terrace",
        "Suburb": "CLEVE",
        "Notes": null,
        "Search Address": "Cleve District Hospital and Aged Care, North Terrace, CLEVE",
        "Latitude": -33.6988788354582,
        "Longitude": 136.494119136611
      },
      "geometry": {
        "type": "Point",
        "coordinates": [
          136.494119136611,
          -33.6988788354582
        ]
      }
    },
    {
      "type": "Feature",
      "properties": {
        "Site ID": 213,
        "Governing LHN": "EFNLHN",
        "Geographical LHN": "EFNLHN",
        "Site Name": "Coober Pedy Hospital",
        "Address": "89 Hospital Road",
        "Suburb": "COOBER PEDY",
        "Notes": null,
        "Search Address": "Coober Pedy Hospital, 89 Hospital Road, COOBER PEDY",
        "Latitude": -29.0049274679249,
        "Longitude": 134.762216319555
      },
      "geometry": {
        "type": "Point",
        "coordinates": [
          134.762216319555,
          -29.0049274679249
        ]
      }
    },
    {
      "type": "Feature",
      "properties": {
        "Site ID": 214,
        "Governing LHN": "EFNLHN",
        "Geographical LHN": "EFNLHN",
        "Site Name": "Cowell Hospital",
        "Address": "17 South Terrace",
        "Suburb": "COWELL",
        "Notes": null,
        "Search Address": "Cowell Hospital, 17 South Terrace, COWELL",
        "Latitude": -33.6853882641861,
        "Longitude": 136.921614141455
      },
      "geometry": {
        "type": "Point",
        "coordinates": [
          136.921614141455,
          -33.6853882641861
        ]
      }
    },
    {
      "type": "Feature",
      "properties": {
        "Site ID": 215,
        "Governing LHN": "EFNLHN",
        "Geographical LHN": "EFNLHN",
        "Site Name": "Cummins and District Memorial Hospital",
        "Address": "21 Tumby Bay Road",
        "Suburb": "CUMMINS",
        "Notes": null,
        "Search Address": "Cummins and District Memorial Hospital, 21 Tumby Bay Road, CUMMINS",
        "Latitude": -34.2642120514248,
        "Longitude": 135.73317571121
      },
      "geometry": {
        "type": "Point",
        "coordinates": [
          135.73317571121,
          -34.2642120514248
        ]
      }
    },
    {
      "type": "Feature",
      "properties": {
        "Site ID": 216,
        "Governing LHN": "EFNLHN",
        "Geographical LHN": "EFNLHN",
        "Site Name": "Elliston Hospital and Pines Hostel",
        "Address": "Memorial Drive",
        "Suburb": "ELLISTON",
        "Notes": null,
        "Search Address": "Elliston Hospital and Pines Hostel, Memorial Drive, ELLISTON",
        "Latitude": -33.647774394812,
        "Longitude": 134.892468061938
      },
      "geometry": {
        "type": "Point",
        "coordinates": [
          134.892468061938,
          -33.647774394812
        ]
      }
    },
    {
      "type": "Feature",
      "properties": {
        "Site ID": 217,
        "Governing LHN": "EFNLHN",
        "Geographical LHN": "EFNLHN",
        "Site Name": "Kimba District Hospital",
        "Address": "13-15 Martin Terrace",
        "Suburb": "KIMBA",
        "Notes": null,
        "Search Address": "Kimba District Hospital, 13-15 Martin Terrace, KIMBA",
        "Latitude": -33.1434717214732,
        "Longitude": 136.416205963851
      },
      "geometry": {
        "type": "Point",
        "coordinates": [
          136.416205963851,
          -33.1434717214732
        ]
      }
    },
    {
      "type": "Feature",
      "properties": {
        "Site ID": 218,
        "Governing LHN": "EFNLHN",
        "Geographical LHN": "EFNLHN",
        "Site Name": "Pt Lincoln Health and Hospital Service",
        "Address": "Oxford Terrace",
        "Suburb": "PORT LINCOLN",
        "Notes": null,
        "Search Address": "Pt Lincoln Health and Hospital Service, Oxford Terrace, PORT LINCOLN",
        "Latitude": -34.7240523987266,
        "Longitude": 135.850180655079
      },
      "geometry": {
        "type": "Point",
        "coordinates": [
          135.850180655079,
          -34.7240523987266
        ]
      }
    },
    {
      "type": "Feature",
      "properties": {
        "Site ID": 219,
        "Governing LHN": "EFNLHN",
        "Geographical LHN": "EFNLHN",
        "Site Name": "Streaky Bay Hospital",
        "Address": "1 Flinders Drive",
        "Suburb": "STREAKY BAY",
        "Notes": null,
        "Search Address": "Streaky Bay Hospital, 1 Flinders Drive, STREAKY BAY",
        "Latitude": -32.7928872897079,
        "Longitude": 134.217295729169
      },
      "geometry": {
        "type": "Point",
        "coordinates": [
          134.217295729169,
          -32.7928872897079
        ]
      }
    },
    {
      "type": "Feature",
      "properties": {
        "Site ID": 220,
        "Governing LHN": "EFNLHN",
        "Geographical LHN": "EFNLHN",
        "Site Name": "Tumby Bay Hospital",
        "Address": "8 Esplanade",
        "Suburb": "TUMBY BAY",
        "Notes": null,
        "Search Address": "Tumby Bay Hospital, 8 Esplanade, TUMBY BAY",
        "Latitude": -34.3723642175644,
        "Longitude": 136.104064037731
      },
      "geometry": {
        "type": "Point",
        "coordinates": [
          136.104064037731,
          -34.3723642175644
        ]
      }
    },
    {
      "type": "Feature",
      "properties": {
        "Site ID": 221,
        "Governing LHN": "EFNLHN",
        "Geographical LHN": "EFNLHN",
        "Site Name": "Wudinna Hospital",
        "Address": "16-24 Richards Avenue",
        "Suburb": "WUDINNA",
        "Notes": null,
        "Search Address": "Wudinna Hospital, 16-24 Richards Avenue, WUDINNA",
        "Latitude": -33.0503938016149,
        "Longitude": 135.467122711572
      },
      "geometry": {
        "type": "Point",
        "coordinates": [
          135.467122711572,
          -33.0503938016149
        ]
      }
    },
    {
      "type": "Feature",
      "properties": {
        "Site ID": 222,
        "Governing LHN": "FUNLHN",
        "Geographical LHN": "FUNLHN",
        "Site Name": "Country Health Connect Building",
        "Address": "Flinders Terrace",
        "Suburb": "PORT AUGUSTA",
        "Notes": null,
        "Search Address": "Country Health Connect Building, Flinders Terrace, PORT AUGUSTA",
        "Latitude": -32.492148098413,
        "Longitude": 137.767796592717
      },
      "geometry": {
        "type": "Point",
        "coordinates": [
          137.767796592717,
          -32.492148098413
        ]
      }
    },
    {
      "type": "Feature",
      "properties": {
        "Site ID": 223,
        "Governing LHN": "FUNLHN",
        "Geographical LHN": "FUNLHN",
        "Site Name": "Hawker Memorial Hospital",
        "Address": "9 Druid Range Drive",
        "Suburb": "HAWKER",
        "Notes": null,
        "Search Address": "Hawker Memorial Hospital, 9 Druid Range Drive, HAWKER",
        "Latitude": -31.8934575465914,
        "Longitude": 138.428013567299
      },
      "geometry": {
        "type": "Point",
        "coordinates": [
          138.428013567299,
          -31.8934575465914
        ]
      }
    },
    {
      "type": "Feature",
      "properties": {
        "Site ID": 224,
        "Governing LHN": "FUNLHN",
        "Geographical LHN": "FUNLHN",
        "Site Name": "Leigh Creek Health Service",
        "Address": "Black Oak Drive",
        "Suburb": "LEIGH CREEK",
        "Notes": null,
        "Search Address": "Leigh Creek Health Service, Black Oak Drive, LEIGH CREEK",
        "Latitude": -30.5908710556212,
        "Longitude": 138.398686410066
      },
      "geometry": {
        "type": "Point",
        "coordinates": [
          138.398686410066,
          -30.5908710556212
        ]
      }
    },
    {
      "type": "Feature",
      "properties": {
        "Site ID": 225,
        "Governing LHN": "FUNLHN",
        "Geographical LHN": "FUNLHN",
        "Site Name": "Port Augusta Flinders Terrace",
        "Address": "Flinders Terrace",
        "Suburb": "PORT AUGUSTA",
        "Notes": null,
        "Search Address": "Port Augusta Flinders Terrace, Flinders Terrace, PORT AUGUSTA",
        "Latitude": -32.4894963521847,
        "Longitude": 137.771159134299
      },
      "geometry": {
        "type": "Point",
        "coordinates": [
          137.771159134299,
          -32.4894963521847
        ]
      }
    },
    {
      "type": "Feature",
      "properties": {
        "Site ID": 226,
        "Governing LHN": "FUNLHN",
        "Geographical LHN": "FUNLHN",
        "Site Name": "Port Augusta Hospital and Regional Health Service",
        "Address": "71 Hospital Road ",
        "Suburb": "PORT AUGUSTA",
        "Notes": null,
        "Search Address": "Port Augusta Hospital and Regional Health Service, 71 Hospital Road , PORT AUGUSTA",
        "Latitude": -32.5100991626481,
        "Longitude": 137.775839462644
      },
      "geometry": {
        "type": "Point",
        "coordinates": [
          137.775839462644,
          -32.5100991626481
        ]
      }
    },
    {
      "type": "Feature",
      "properties": {
        "Site ID": 227,
        "Governing LHN": "FUNLHN",
        "Geographical LHN": "FUNLHN",
        "Site Name": "Quorn and District Memorial Hospital",
        "Address": "Hospital Road",
        "Suburb": "QUORN",
        "Notes": null,
        "Search Address": "Quorn and District Memorial Hospital, Hospital Road, QUORN",
        "Latitude": -32.3507109929275,
        "Longitude": 138.038516465113
      },
      "geometry": {
        "type": "Point",
        "coordinates": [
          138.038516465113,
          -32.3507109929275
        ]
      }
    },
    {
      "type": "Feature",
      "properties": {
        "Site ID": 228,
        "Governing LHN": "FUNLHN",
        "Geographical LHN": "FUNLHN",
        "Site Name": "Roxby Downs Health Service",
        "Address": "16-28 Burgoyne Street",
        "Suburb": "ROXBY DOWNS",
        "Notes": null,
        "Search Address": "Roxby Downs Health Service, 16-28 Burgoyne Street, ROXBY DOWNS",
        "Latitude": -30.5625906269204,
        "Longitude": 136.894595201003
      },
      "geometry": {
        "type": "Point",
        "coordinates": [
          136.894595201003,
          -30.5625906269204
        ]
      }
    },
    {
      "type": "Feature",
      "properties": {
        "Site ID": 229,
        "Governing LHN": "FUNLHN",
        "Geographical LHN": "FUNLHN",
        "Site Name": "Whyalla Hospital and Health Service",
        "Address": "20 Wood Terrace",
        "Suburb": "WHYALLA",
        "Notes": null,
        "Search Address": "Whyalla Hospital and Health Service, 20 Wood Terrace, WHYALLA",
        "Latitude": -33.0341898950662,
        "Longitude": 137.577313344696
      },
      "geometry": {
        "type": "Point",
        "coordinates": [
          137.577313344696,
          -33.0341898950662
        ]
      }
    },
    {
      "type": "Feature",
      "properties": {
        "Site ID": 230,
        "Governing LHN": "LCLHN",
        "Geographical LHN": "LCLHN",
        "Site Name": "Bordertown Memorial Hospital",
        "Address": "24 South Terrace",
        "Suburb": "BORDERTOWN",
        "Notes": null,
        "Search Address": "Bordertown Memorial Hospital, 24 South Terrace, BORDERTOWN",
        "Latitude": -36.3119401327952,
        "Longitude": 140.766974627996
      },
      "geometry": {
        "type": "Point",
        "coordinates": [
          140.766974627996,
          -36.3119401327952
        ]
      }
    },
    {
      "type": "Feature",
      "properties": {
        "Site ID": 231,
        "Governing LHN": "LCLHN",
        "Geographical LHN": "LCLHN",
        "Site Name": "Country Health Connect (CHC) - Mount Gambier and Districts Health Service",
        "Address": "276/300 Wehl Street",
        "Suburb": "MOUNT GAMBIER",
        "Notes": null,
        "Search Address": "Country Health Connect (CHC) - Mount Gambier and Districts Health Service, 276/300 Wehl Street, MOUNT GAMBIER",
        "Latitude": -37.8061856673415,
        "Longitude": 140.786758990397
      },
      "geometry": {
        "type": "Point",
        "coordinates": [
          140.786758990397,
          -37.8061856673415
        ]
      }
    },
    {
      "type": "Feature",
      "properties": {
        "Site ID": 232,
        "Governing LHN": "LCLHN",
        "Geographical LHN": "LCLHN",
        "Site Name": "Keith and District Medical Centre",
        "Address": "35 Hill Avenue",
        "Suburb": "KEITH",
        "Notes": null,
        "Search Address": "Keith and District Medical Centre, 35 Hill Avenue, KEITH",
        "Latitude": -36.0974793344529,
        "Longitude": 140.346033502999
      },
      "geometry": {
        "type": "Point",
        "coordinates": [
          140.346033502999,
          -36.0974793344529
        ]
      }
    },
    {
      "type": "Feature",
      "properties": {
        "Site ID": 233,
        "Governing LHN": "LCLHN",
        "Geographical LHN": "LCLHN",
        "Site Name": "Kingston Soldiers' Memorial Hospital",
        "Address": "Cook Street and Young Street",
        "Suburb": "KINGSTON",
        "Notes": null,
        "Search Address": "Kingston Soldiers' Memorial Hospital, Cook Street and Young Street, KINGSTON",
        "Latitude": -36.8353895685889,
        "Longitude": 139.848572989822
      },
      "geometry": {
        "type": "Point",
        "coordinates": [
          139.848572989822,
          -36.8353895685889
        ]
      }
    },
    {
      "type": "Feature",
      "properties": {
        "Site ID": 234,
        "Governing LHN": "LCLHN",
        "Geographical LHN": "LCLHN",
        "Site Name": "Millicent and District Hospital and Health Service",
        "Address": "51 Mount Gambier Road",
        "Suburb": "MILLICENT",
        "Notes": null,
        "Search Address": "Millicent and District Hospital and Health Service, 51 Mount Gambier Road, MILLICENT",
        "Latitude": -37.5980344247602,
        "Longitude": 140.358075630634
      },
      "geometry": {
        "type": "Point",
        "coordinates": [
          140.358075630634,
          -37.5980344247602
        ]
      }
    },
    {
      "type": "Feature",
      "properties": {
        "Site ID": 235,
        "Governing LHN": "LCLHN",
        "Geographical LHN": "LCLHN",
        "Site Name": "Mount Gambier and Districts Health Service",
        "Address": "276/300 Wehl Street",
        "Suburb": "MOUNT GAMBIER",
        "Notes": null,
        "Search Address": "Mount Gambier and Districts Health Service, 276/300 Wehl Street, MOUNT GAMBIER",
        "Latitude": -37.8053742233919,
        "Longitude": 140.786232929197
      },
      "geometry": {
        "type": "Point",
        "coordinates": [
          140.786232929197,
          -37.8053742233919
        ]
      }
    },
    {
      "type": "Feature",
      "properties": {
        "Site ID": 236,
        "Governing LHN": "LCLHN",
        "Geographical LHN": "LCLHN",
        "Site Name": "Naracoorte Hospital and Community Health Service",
        "Address": "101 Jenkins Terrace",
        "Suburb": "NARACOORTE",
        "Notes": null,
        "Search Address": "Naracoorte Hospital and Community Health Service, 101 Jenkins Terrace, NARACOORTE",
        "Latitude": -36.9665913332427,
        "Longitude": 140.744266608931
      },
      "geometry": {
        "type": "Point",
        "coordinates": [
          140.744266608931,
          -36.9665913332427
        ]
      }
    },
    {
      "type": "Feature",
      "properties": {
        "Site ID": 237,
        "Governing LHN": "LCLHN",
        "Geographical LHN": "LCLHN",
        "Site Name": "Penola War Memorial Hospital Inc.",
        "Address": "18 Church Street",
        "Suburb": "PENOLA",
        "Notes": null,
        "Search Address": "Penola War Memorial Hospital Inc., 18 Church Street, PENOLA",
        "Latitude": -37.3830038737768,
        "Longitude": 140.83659886675
      },
      "geometry": {
        "type": "Point",
        "coordinates": [
          140.83659886675,
          -37.3830038737768
        ]
      }
    },
    {
      "type": "Feature",
      "properties": {
        "Site ID": 238,
        "Governing LHN": "NALHN",
        "Geographical LHN": "NALHN",
        "Site Name": "Child Protection Service",
        "Address": "30 Gawler Street",
        "Suburb": "SALISBURY",
        "Notes": null,
        "Search Address": "Child Protection Service, 30 Gawler Street, SALISBURY",
        "Latitude": -34.7605192154758,
        "Longitude": 138.642793826838
      },
      "geometry": {
        "type": "Point",
        "coordinates": [
          138.642793826838,
          -34.7605192154758
        ]
      }
    },
    {
      "type": "Feature",
      "properties": {
        "Site ID": 239,
        "Governing LHN": "NALHN",
        "Geographical LHN": "NALHN",
        "Site Name": "Community Recovery Centre - Wondakka",
        "Address": "10 Saratoga Road",
        "Suburb": "ELIZABETH EAST",
        "Notes": null,
        "Search Address": "Community Recovery Centre - Wondakka, 10 Saratoga Road, ELIZABETH EAST",
        "Latitude": -34.7207016481132,
        "Longitude": 138.677617816794
      },
      "geometry": {
        "type": "Point",
        "coordinates": [
          138.677617816794,
          -34.7207016481132
        ]
      }
    },
    {
      "type": "Feature",
      "properties": {
        "Site ID": 240,
        "Governing LHN": "NALHN",
        "Geographical LHN": "NALHN",
        "Site Name": "Child Development Unit",
        "Address": "32 Oldham Road ",
        "Suburb": "ELIZABETH VALE",
        "Notes": null,
        "Search Address": "Child Development Unit, 32 Oldham Road , ELIZABETH VALE",
        "Latitude": -34.746253742546,
        "Longitude": 138.665839835024
      },
      "geometry": {
        "type": "Point",
        "coordinates": [
          138.665839835024,
          -34.746253742546
        ]
      }
    },
    {
      "type": "Feature",
      "properties": {
        "Site ID": 241,
        "Governing LHN": "NALHN",
        "Geographical LHN": "NALHN",
        "Site Name": "Crisis Stabilisation Centre",
        "Address": "7 Oldham Road",
        "Suburb": "ELIZABETH SOUTH",
        "Notes": null,
        "Search Address": "Crisis Stabilisation Centre, 7 Oldham Road, ELIZABETH SOUTH",
        "Latitude": -34.7459348690008,
        "Longitude": 138.661128044317
      },
      "geometry": {
        "type": "Point",
        "coordinates": [
          138.661128044317,
          -34.7459348690008
        ]
      }
    },
    {
      "type": "Feature",
      "properties": {
        "Site ID": 242,
        "Governing LHN": "NALHN",
        "Geographical LHN": "NALHN",
        "Site Name": "Forensic Mental Health - James Nash House - Ashton House",
        "Address": "290 Fosters Road",
        "Suburb": "OAKDEN",
        "Notes": null,
        "Search Address": "Forensic Mental Health - James Nash House - Ashton House, 290 Fosters Road, OAKDEN",
        "Latitude": -34.8501533958763,
        "Longitude": 138.637096848794
      },
      "geometry": {
        "type": "Point",
        "coordinates": [
          138.637096848794,
          -34.8501533958763
        ]
      }
    },
    {
      "type": "Feature",
      "properties": {
        "Site ID": 243,
        "Governing LHN": "NALHN",
        "Geographical LHN": "NALHN",
        "Site Name": "GP Plus - Elizabeth",
        "Address": "16 Playford Boulevard",
        "Suburb": "ELIZABETH",
        "Notes": null,
        "Search Address": "GP Plus - Elizabeth, 16 Playford Boulevard, ELIZABETH",
        "Latitude": -34.716956916235,
        "Longitude": 138.671199125891
      },
      "geometry": {
        "type": "Point",
        "coordinates": [
          138.671199125891,
          -34.716956916235
        ]
      }
    },
    {
      "type": "Feature",
      "properties": {
        "Site ID": 244,
        "Governing LHN": "NALHN",
        "Geographical LHN": "NALHN",
        "Site Name": "GP Plus Super Clinic - Gillies Plains",
        "Address": "1 Gilles Crescent",
        "Suburb": "HILLCREST",
        "Notes": null,
        "Search Address": "GP Plus Super Clinic - Gillies Plains, 1 Gilles Crescent, HILLCREST",
        "Latitude": -34.8586269425308,
        "Longitude": 138.652786640753
      },
      "geometry": {
        "type": "Point",
        "coordinates": [
          138.652786640753,
          -34.8586269425308
        ]
      }
    },
    {
      "type": "Feature",
      "properties": {
        "Site ID": 245,
        "Governing LHN": "NALHN",
        "Geographical LHN": "NALHN",
        "Site Name": "GP Plus Super Clinic - Maringga Turtpandi - Gillies Plains",
        "Address": "1 Gilles Crescent",
        "Suburb": "HILLCREST",
        "Notes": null,
        "Search Address": "GP Plus Super Clinic - Maringga Turtpandi - Gillies Plains, 1 Gilles Crescent, HILLCREST",
        "Latitude": -34.8586269425308,
        "Longitude": 138.652786640753
      },
      "geometry": {
        "type": "Point",
        "coordinates": [
          138.652786640753,
          -34.8586269425308
        ]
      }
    },
    {
      "type": "Feature",
      "properties": {
        "Site ID": 246,
        "Governing LHN": "NALHN",
        "Geographical LHN": "NALHN",
        "Site Name": "GP Plus Super Clinic - Modbury",
        "Address": "77 Smart Road",
        "Suburb": "MODBURY",
        "Notes": null,
        "Search Address": "GP Plus Super Clinic - Modbury, 77 Smart Road, MODBURY",
        "Latitude": -34.8338403214554,
        "Longitude": 138.692354073467
      },
      "geometry": {
        "type": "Point",
        "coordinates": [
          138.692354073467,
          -34.8338403214554
        ]
      }
    },
    {
      "type": "Feature",
      "properties": {
        "Site ID": 247,
        "Governing LHN": "NALHN",
        "Geographical LHN": "NALHN",
        "Site Name": "Ingle Farm Healthcare Complex (Primary Health Care Centre)",
        "Address": "Ingle Farm Shopping Centre, Shop 2058, 1 Montague Road",
        "Suburb": "INGLE FARM",
        "Notes": null,
        "Search Address": "Ingle Farm Healthcare Complex (Primary Health Care Centre), Ingle Farm Shopping Centre, Shop 2058, 1 Montague Road, INGLE FARM",
        "Latitude": -34.8300921713107,
        "Longitude": 138.647152500605
      },
      "geometry": {
        "type": "Point",
        "coordinates": [
          138.647152500605,
          -34.8300921713107
        ]
      }
    },
    {
      "type": "Feature",
      "properties": {
        "Site ID": 248,
        "Governing LHN": "NALHN",
        "Geographical LHN": "NALHN",
        "Site Name": "James Nash House",
        "Address": "140 Hilltop Drive",
        "Suburb": "OAKDEN",
        "Notes": null,
        "Search Address": "James Nash House, 140 Hilltop Drive, OAKDEN",
        "Latitude": -34.8501372190468,
        "Longitude": 138.637292972873
      },
      "geometry": {
        "type": "Point",
        "coordinates": [
          138.637292972873,
          -34.8501372190468
        ]
      }
    },
    {
      "type": "Feature",
      "properties": {
        "Site ID": 249,
        "Governing LHN": "NALHN",
        "Geographical LHN": "CALHN",
        "Site Name": "Kanggawodli",
        "Address": "16-22 Clements Street",
        "Suburb": "DUDLEY PARK",
        "Notes": null,
        "Search Address": "Kanggawodli, 16-22 Clements Street, DUDLEY PARK",
        "Latitude": -34.875602505211,
        "Longitude": 138.580121573757
      },
      "geometry": {
        "type": "Point",
        "coordinates": [
          138.580121573757,
          -34.875602505211
        ]
      }
    },
    {
      "type": "Feature",
      "properties": {
        "Site ID": 250,
        "Governing LHN": "NALHN",
        "Geographical LHN": "NALHN",
        "Site Name": "Lionsgate Business Park (NALHN Administration)",
        "Address": "NALHN Tenancy, 180 Phillip Highway",
        "Suburb": "ELIZABETH SOUTH",
        "Notes": null,
        "Search Address": "Lionsgate Business Park (NALHN Administration), NALHN Tenancy, 180 Phillip Highway, ELIZABETH SOUTH",
        "Latitude": -34.7459926204774,
        "Longitude": 138.656714218034
      },
      "geometry": {
        "type": "Point",
        "coordinates": [
          138.656714218034,
          -34.7459926204774
        ]
      }
    },
    {
      "type": "Feature",
      "properties": {
        "Site ID": 251,
        "Governing LHN": "NALHN",
        "Geographical LHN": "NALHN",
        "Site Name": "Lyell McEwin Hospital",
        "Address": "Trembath Road",
        "Suburb": "ELIZABETH VALE",
        "Notes": null,
        "Search Address": "Lyell McEwin Hospital, Trembath Road, ELIZABETH VALE",
        "Latitude": -34.7476061942332,
        "Longitude": 138.664558863083
      },
      "geometry": {
        "type": "Point",
        "coordinates": [
          138.664558863083,
          -34.7476061942332
        ]
      }
    },
    {
      "type": "Feature",
      "properties": {
        "Site ID": 252,
        "Governing LHN": "NALHN",
        "Geographical LHN": "NALHN",
        "Site Name": "Lyell McEwin Hospital",
        "Address": "44 John Rice Avenue ",
        "Suburb": "ELIZABETH VALE",
        "Notes": null,
        "Search Address": "Lyell McEwin Hospital, 44 John Rice Avenue , ELIZABETH VALE",
        "Latitude": -34.7476825295813,
        "Longitude": 138.664754389386
      },
      "geometry": {
        "type": "Point",
        "coordinates": [
          138.664754389386,
          -34.7476825295813
        ]
      }
    },
    {
      "type": "Feature",
      "properties": {
        "Site ID": 253,
        "Governing LHN": "NALHN",
        "Geographical LHN": "NALHN",
        "Site Name": "Modbury Hospital",
        "Address": "Smart Road",
        "Suburb": "MODBURY",
        "Notes": null,
        "Search Address": "Modbury Hospital, Smart Road, MODBURY",
        "Latitude": -34.8339552942266,
        "Longitude": 138.690104557942
      },
      "geometry": {
        "type": "Point",
        "coordinates": [
          138.690104557942,
          -34.8339552942266
        ]
      }
    },
    {
      "type": "Feature",
      "properties": {
        "Site ID": 254,
        "Governing LHN": "NALHN",
        "Geographical LHN": "NALHN",
        "Site Name": "Modbury Hospital - Inter Residence",
        "Address": "Education Centre Smart Road",
        "Suburb": "MODBURY",
        "Notes": null,
        "Search Address": "Modbury Hospital - Inter Residence, Education Centre Smart Road, MODBURY",
        "Latitude": -34.8344670916465,
        "Longitude": 138.689803421038
      },
      "geometry": {
        "type": "Point",
        "coordinates": [
          138.689803421038,
          -34.8344670916465
        ]
      }
    },
    {
      "type": "Feature",
      "properties": {
        "Site ID": 255,
        "Governing LHN": "NALHN",
        "Geographical LHN": "NALHN",
        "Site Name": "North East Community Mental Health",
        "Address": "116 Reservoir Road",
        "Suburb": "MODBURY",
        "Notes": null,
        "Search Address": "North East Community Mental Health, 116 Reservoir Road, MODBURY",
        "Latitude": -34.8321689597036,
        "Longitude": 138.687550348847
      },
      "geometry": {
        "type": "Point",
        "coordinates": [
          138.687550348847,
          -34.8321689597036
        ]
      }
    },
    {
      "type": "Feature",
      "properties": {
        "Site ID": 256,
        "Governing LHN": "NALHN",
        "Geographical LHN": "NALHN",
        "Site Name": "Northern Community Mental Health Service",
        "Address": "7-9 Park Terrace",
        "Suburb": "SALISBURY",
        "Notes": null,
        "Search Address": "Northern Community Mental Health Service, 7-9 Park Terrace, SALISBURY",
        "Latitude": -34.7639474292483,
        "Longitude": 138.64124822335
      },
      "geometry": {
        "type": "Point",
        "coordinates": [
          138.64124822335,
          -34.7639474292483
        ]
      }
    },
    {
      "type": "Feature",
      "properties": {
        "Site ID": 257,
        "Governing LHN": "NALHN",
        "Geographical LHN": "NALHN",
        "Site Name": "Older Person’s Emergency Review and Assessment (OPERA)",
        "Address": "44 John Rice Avenue",
        "Suburb": "ELIZABETH VALE",
        "Notes": null,
        "Search Address": "Older Person’s Emergency Review and Assessment (OPERA), 44 John Rice Avenue, ELIZABETH VALE",
        "Latitude": -34.7481921446275,
        "Longitude": 138.667533017046
      },
      "geometry": {
        "type": "Point",
        "coordinates": [
          138.667533017046,
          -34.7481921446275
        ]
      }
    },
    {
      "type": "Feature",
      "properties": {
        "Site ID": 258,
        "Governing LHN": "NALHN",
        "Geographical LHN": "NALHN",
        "Site Name": "Rapid Access Lung Lesion Clinic - NALHN",
        "Address": "10 Oldham Road",
        "Suburb": "ELIZABETH VALE",
        "Notes": null,
        "Search Address": "Rapid Access Lung Lesion Clinic - NALHN, 10 Oldham Road, ELIZABETH VALE",
        "Latitude": -34.7457416384568,
        "Longitude": 138.66297197063
      },
      "geometry": {
        "type": "Point",
        "coordinates": [
          138.66297197063,
          -34.7457416384568
        ]
      }
    },
    {
      "type": "Feature",
      "properties": {
        "Site ID": 259,
        "Governing LHN": "NALHN",
        "Geographical LHN": "NALHN",
        "Site Name": "SA Intellectual Disability Health Service (SAIDHS)",
        "Address": "1/58 Beovich Road",
        "Suburb": "INGLE FARM",
        "Notes": null,
        "Search Address": "SA Intellectual Disability Health Service (SAIDHS), 1/58 Beovich Road, INGLE FARM",
        "Latitude": -34.8586579320916,
        "Longitude": 138.652763802194
      },
      "geometry": {
        "type": "Point",
        "coordinates": [
          138.652763802194,
          -34.8586579320916
        ]
      }
    },
    {
      "type": "Feature",
      "properties": {
        "Site ID": 260,
        "Governing LHN": "NALHN",
        "Geographical LHN": "NALHN",
        "Site Name": "Salisbury Primary Health Care Services",
        "Address": "17-19 Hollywood Boulevard",
        "Suburb": "SALISBURY DOWNS",
        "Notes": null,
        "Search Address": "Salisbury Primary Health Care Services, 17-19 Hollywood Boulevard, SALISBURY DOWNS",
        "Latitude": -34.7693150082457,
        "Longitude": 138.623369399873
      },
      "geometry": {
        "type": "Point",
        "coordinates": [
          138.623369399873,
          -34.7693150082457
        ]
      }
    },
    {
      "type": "Feature",
      "properties": {
        "Site ID": 261,
        "Governing LHN": "NALHN",
        "Geographical LHN": "NALHN",
        "Site Name": "Salisbury Primary Health - Hospital in the Home",
        "Address": "17-19 Hollywood Boulevard ",
        "Suburb": "SALISBURY DOWNS",
        "Notes": null,
        "Search Address": "Salisbury Primary Health - Hospital in the Home, 17-19 Hollywood Boulevard , SALISBURY DOWNS",
        "Latitude": -34.7693926181738,
        "Longitude": 138.623187586363
      },
      "geometry": {
        "type": "Point",
        "coordinates": [
          138.623187586363,
          -34.7693926181738
        ]
      }
    },
    {
      "type": "Feature",
      "properties": {
        "Site ID": 262,
        "Governing LHN": "NALHN",
        "Geographical LHN": "CALHN",
        "Site Name": "Wonggangga Turtpandi Aboriginal Primary Health Care Services",
        "Address": "Dale Street",
        "Suburb": "PORT ADELAIDE",
        "Notes": null,
        "Search Address": "Wonggangga Turtpandi Aboriginal Primary Health Care Services, Dale Street, PORT ADELAIDE",
        "Latitude": -34.8467427328491,
        "Longitude": 138.502754222778
      },
      "geometry": {
        "type": "Point",
        "coordinates": [
          138.502754222778,
          -34.8467427328491
        ]
      }
    },
    {
      "type": "Feature",
      "properties": {
        "Site ID": 263,
        "Governing LHN": "RMCLHN",
        "Geographical LHN": "RMCLHN",
        "Site Name": "Barmera Health Service",
        "Address": " 24 Hawdon Street",
        "Suburb": "BARMERA",
        "Notes": null,
        "Search Address": "Barmera Health Service,  24 Hawdon Street, BARMERA",
        "Latitude": -34.2486860281457,
        "Longitude": 140.470846477755
      },
      "geometry": {
        "type": "Point",
        "coordinates": [
          140.470846477755,
          -34.2486860281457
        ]
      }
    },
    {
      "type": "Feature",
      "properties": {
        "Site ID": 264,
        "Governing LHN": "RMCLHN",
        "Geographical LHN": "RMCLHN",
        "Site Name": "Bonney Lodge Nursing Home - Barmera Health Service",
        "Address": " 24 Hawdon Street",
        "Suburb": "BARMERA",
        "Notes": null,
        "Search Address": "Bonney Lodge Nursing Home - Barmera Health Service,  24 Hawdon Street, BARMERA",
        "Latitude": -34.2487237496778,
        "Longitude": 140.470891384509
      },
      "geometry": {
        "type": "Point",
        "coordinates": [
          140.470891384509,
          -34.2487237496778
        ]
      }
    },
    {
      "type": "Feature",
      "properties": {
        "Site ID": 265,
        "Governing LHN": "RMCLHN",
        "Geographical LHN": "RMCLHN",
        "Site Name": "Hawdon House",
        "Address": "24 Hawdon Street",
        "Suburb": "BARMERA",
        "Notes": null,
        "Search Address": "Hawdon House, 24 Hawdon Street, BARMERA",
        "Latitude": -34.2487712450453,
        "Longitude": 140.472908509292
      },
      "geometry": {
        "type": "Point",
        "coordinates": [
          140.472908509292,
          -34.2487712450453
        ]
      }
    },
    {
      "type": "Feature",
      "properties": {
        "Site ID": 266,
        "Governing LHN": "RMCLHN",
        "Geographical LHN": "RMCLHN",
        "Site Name": "Karoonda and District Soldiers' Memorial Hospital",
        "Address": "Karoonda Hospital",
        "Suburb": "KAROONDA",
        "Notes": null,
        "Search Address": "Karoonda and District Soldiers' Memorial Hospital, Karoonda Hospital, KAROONDA",
        "Latitude": -35.0943898045171,
        "Longitude": 139.889394751534
      },
      "geometry": {
        "type": "Point",
        "coordinates": [
          139.889394751534,
          -35.0943898045171
        ]
      }
    },
    {
      "type": "Feature",
      "properties": {
        "Site ID": 267,
        "Governing LHN": "RMCLHN",
        "Geographical LHN": "RMCLHN",
        "Site Name": "Lameroo District Hospital",
        "Address": "1A Vardon Terrace",
        "Suburb": "LAMEROO",
        "Notes": null,
        "Search Address": "Lameroo District Hospital, 1A Vardon Terrace, LAMEROO",
        "Latitude": -35.3281849249772,
        "Longitude": 140.514355422542
      },
      "geometry": {
        "type": "Point",
        "coordinates": [
          140.514355422542,
          -35.3281849249772
        ]
      }
    },
    {
      "type": "Feature",
      "properties": {
        "Site ID": 268,
        "Governing LHN": "RMCLHN",
        "Geographical LHN": "RMCLHN",
        "Site Name": "Loxton Hospital Complex",
        "Address": "Drabsch Street and McIntosh Street",
        "Suburb": "LOXTON",
        "Notes": null,
        "Search Address": "Loxton Hospital Complex, Drabsch Street and McIntosh Street, LOXTON",
        "Latitude": -34.4544757695393,
        "Longitude": 140.564524156887
      },
      "geometry": {
        "type": "Point",
        "coordinates": [
          140.564524156887,
          -34.4544757695393
        ]
      }
    },
    {
      "type": "Feature",
      "properties": {
        "Site ID": 269,
        "Governing LHN": "RMCLHN",
        "Geographical LHN": "RMCLHN",
        "Site Name": "Mannum District Hospital",
        "Address": "Parker Street",
        "Suburb": "MANNUM",
        "Notes": null,
        "Search Address": "Mannum District Hospital, Parker Street, MANNUM",
        "Latitude": -34.9165566974767,
        "Longitude": 139.308368768295
      },
      "geometry": {
        "type": "Point",
        "coordinates": [
          139.308368768295,
          -34.9165566974767
        ]
      }
    },
    {
      "type": "Feature",
      "properties": {
        "Site ID": 270,
        "Governing LHN": "RMCLHN",
        "Geographical LHN": "RMCLHN",
        "Site Name": "Meningie and Districts Memorial Hospital & Health Services",
        "Address": "2 South Terrace",
        "Suburb": "MENINGIE",
        "Notes": null,
        "Search Address": "Meningie and Districts Memorial Hospital & Health Services, 2 South Terrace, MENINGIE",
        "Latitude": -35.6931028705397,
        "Longitude": 139.335098297762
      },
      "geometry": {
        "type": "Point",
        "coordinates": [
          139.335098297762,
          -35.6931028705397
        ]
      }
    },
    {
      "type": "Feature",
      "properties": {
        "Site ID": 271,
        "Governing LHN": "RMCLHN",
        "Geographical LHN": "RMCLHN",
        "Site Name": "Murray Bridge Community Centre",
        "Address": "45 Beatty Terrace",
        "Suburb": "MURRAY BRIDGE",
        "Notes": null,
        "Search Address": "Murray Bridge Community Centre, 45 Beatty Terrace, MURRAY BRIDGE",
        "Latitude": -35.1243102666113,
        "Longitude": 139.278491868301
      },
      "geometry": {
        "type": "Point",
        "coordinates": [
          139.278491868301,
          -35.1243102666113
        ]
      }
    },
    {
      "type": "Feature",
      "properties": {
        "Site ID": 272,
        "Governing LHN": "RMCLHN",
        "Geographical LHN": "RMCLHN",
        "Site Name": "Murray Bridge Community Centre",
        "Address": "3-5 Chris Collins Court",
        "Suburb": "MURRAY BRIDGE",
        "Notes": null,
        "Search Address": "Murray Bridge Community Centre, 3-5 Chris Collins Court, MURRAY BRIDGE",
        "Latitude": -35.127736890772,
        "Longitude": 139.259418481394
      },
      "geometry": {
        "type": "Point",
        "coordinates": [
          139.259418481394,
          -35.127736890772
        ]
      }
    },
    {
      "type": "Feature",
      "properties": {
        "Site ID": 273,
        "Governing LHN": "RMCLHN",
        "Geographical LHN": "RMCLHN",
        "Site Name": "Murray Bridge Soldiers' Memorial Hospital",
        "Address": "96 Swanport Road",
        "Suburb": "MURRAY BRIDGE",
        "Notes": null,
        "Search Address": "Murray Bridge Soldiers' Memorial Hospital, 96 Swanport Road, MURRAY BRIDGE",
        "Latitude": -35.1289349955319,
        "Longitude": 139.280679871029
      },
      "geometry": {
        "type": "Point",
        "coordinates": [
          139.280679871029,
          -35.1289349955319
        ]
      }
    },
    {
      "type": "Feature",
      "properties": {
        "Site ID": 274,
        "Governing LHN": "RMCLHN",
        "Geographical LHN": "RMCLHN",
        "Site Name": "Pinnaroo Soldiers' Memorial Hospital",
        "Address": "Bundey Terrace",
        "Suburb": "PINNAROO",
        "Notes": null,
        "Search Address": "Pinnaroo Soldiers' Memorial Hospital, Bundey Terrace, PINNAROO",
        "Latitude": -35.2576873982228,
        "Longitude": 140.901960642197
      },
      "geometry": {
        "type": "Point",
        "coordinates": [
          140.901960642197,
          -35.2576873982228
        ]
      }
    },
    {
      "type": "Feature",
      "properties": {
        "Site ID": 275,
        "Governing LHN": "RMCLHN",
        "Geographical LHN": "RMCLHN",
        "Site Name": "Renmark Paringa District Hospital",
        "Address": "185 Ral Ral Avenue",
        "Suburb": "RENMARK",
        "Notes": null,
        "Search Address": "Renmark Paringa District Hospital, 185 Ral Ral Avenue, RENMARK",
        "Latitude": -34.1647200614967,
        "Longitude": 140.744973891918
      },
      "geometry": {
        "type": "Point",
        "coordinates": [
          140.744973891918,
          -34.1647200614967
        ]
      }
    },
    {
      "type": "Feature",
      "properties": {
        "Site ID": 276,
        "Governing LHN": "RMCLHN",
        "Geographical LHN": "RMCLHN",
        "Site Name": "Riverland General Hospital",
        "Address": "10 Maddern Street",
        "Suburb": "BERRI",
        "Notes": null,
        "Search Address": "Riverland General Hospital, 10 Maddern Street, BERRI",
        "Latitude": -34.2756091760231,
        "Longitude": 140.601517588836
      },
      "geometry": {
        "type": "Point",
        "coordinates": [
          140.601517588836,
          -34.2756091760231
        ]
      }
    },
    {
      "type": "Feature",
      "properties": {
        "Site ID": 277,
        "Governing LHN": "YNLHN",
        "Geographical LHN": "YNLHN",
        "Site Name": "Riverton District Soldiers’ Memorial Hospital",
        "Address": "23 Moorhouse Terrace",
        "Suburb": "RIVERTON",
        "Notes": null,
        "Search Address": "Riverton District Soldiers’ Memorial Hospital, 23 Moorhouse Terrace, RIVERTON",
        "Latitude": -34.1603498114239,
        "Longitude": 138.742610289221
      },
      "geometry": {
        "type": "Point",
        "coordinates": [
          138.742610289221,
          -34.1603498114239
        ]
      }
    },
    {
      "type": "Feature",
      "properties": {
        "Site ID": 278,
        "Governing LHN": "RMCLHN",
        "Geographical LHN": "RMCLHN",
        "Site Name": "Tailem Bend District Hospital",
        "Address": "74 Princes Highway",
        "Suburb": "TAILEM BEND",
        "Notes": null,
        "Search Address": "Tailem Bend District Hospital, 74 Princes Highway, TAILEM BEND",
        "Latitude": -35.2547568053533,
        "Longitude": 139.452592233767
      },
      "geometry": {
        "type": "Point",
        "coordinates": [
          139.452592233767,
          -35.2547568053533
        ]
      }
    },
    {
      "type": "Feature",
      "properties": {
        "Site ID": 279,
        "Governing LHN": "RMCLHN",
        "Geographical LHN": "RMCLHN",
        "Site Name": "Waikerie Health Service",
        "Address": "1 Lawrie Terrace",
        "Suburb": "WAIKERIE",
        "Notes": null,
        "Search Address": "Waikerie Health Service, 1 Lawrie Terrace, WAIKERIE",
        "Latitude": -34.1823403135301,
        "Longitude": 139.985088236916
      },
      "geometry": {
        "type": "Point",
        "coordinates": [
          139.985088236916,
          -34.1823403135301
        ]
      }
    },
    {
      "type": "Feature",
      "properties": {
        "Site ID": 280,
        "Governing LHN": "SALHN",
        "Geographical LHN": "CALHN",
        "Site Name": "Aboriginal Community Connect - Adelaide",
        "Address": "196 Prospect Road",
        "Suburb": "PROSPECT",
        "Notes": null,
        "Search Address": "Aboriginal Community Connect - Adelaide, 196 Prospect Road, PROSPECT",
        "Latitude": -34.8800815115198,
        "Longitude": 138.593293134345
      },
      "geometry": {
        "type": "Point",
        "coordinates": [
          138.593293134345,
          -34.8800815115198
        ]
      }
    },
    {
      "type": "Feature",
      "properties": {
        "Site ID": 281,
        "Governing LHN": "SALHN",
        "Geographical LHN": "CALHN",
        "Site Name": "Aboriginal Drug and Alcohol Council",
        "Address": "155 Holdbrooks Road",
        "Suburb": "UNDERDALE",
        "Notes": null,
        "Search Address": "Aboriginal Drug and Alcohol Council, 155 Holdbrooks Road, UNDERDALE",
        "Latitude": -34.9183405413501,
        "Longitude": 138.548902395692
      },
      "geometry": {
        "type": "Point",
        "coordinates": [
          138.548902395692,
          -34.9183405413501
        ]
      }
    },
    {
      "type": "Feature",
      "properties": {
        "Site ID": 282,
        "Governing LHN": "SALHN",
        "Geographical LHN": "CALHN",
        "Site Name": "Community Access and Services SA - DASSA",
        "Address": "62 Athol Street",
        "Suburb": "ATHOL PARK",
        "Notes": null,
        "Search Address": "Community Access and Services SA - DASSA, 62 Athol Street, ATHOL PARK",
        "Latitude": -34.8526563273605,
        "Longitude": 138.545136607913
      },
      "geometry": {
        "type": "Point",
        "coordinates": [
          138.545136607913,
          -34.8526563273605
        ]
      }
    },
    {
      "type": "Feature",
      "properties": {
        "Site ID": 283,
        "Governing LHN": "SALHN",
        "Geographical LHN": "CALHN",
        "Site Name": "Hepatitis SA",
        "Address": "3 Hackney Road",
        "Suburb": "HACKNEY",
        "Notes": null,
        "Search Address": "Hepatitis SA, 3 Hackney Road, HACKNEY",
        "Latitude": -34.9186946850845,
        "Longitude": 138.61530948599
      },
      "geometry": {
        "type": "Point",
        "coordinates": [
          138.61530948599,
          -34.9186946850845
        ]
      }
    },
    {
      "type": "Feature",
      "properties": {
        "Site ID": 284,
        "Governing LHN": "SALHN",
        "Geographical LHN": "CALHN",
        "Site Name": "Jamie Larcombe Centre - Veterans Mental Health Precinct",
        "Address": "Eucalyptus Lane",
        "Suburb": "GLENSIDE",
        "Notes": null,
        "Search Address": "Jamie Larcombe Centre - Veterans Mental Health Precinct, Eucalyptus Lane, GLENSIDE",
        "Latitude": -34.9432809620322,
        "Longitude": 138.629864550722
      },
      "geometry": {
        "type": "Point",
        "coordinates": [
          138.629864550722,
          -34.9432809620322
        ]
      }
    },
    {
      "type": "Feature",
      "properties": {
        "Site ID": 285,
        "Governing LHN": "SALHN",
        "Geographical LHN": "CALHN",
        "Site Name": "Kurlana Tampawardli",
        "Address": "45-47 Tapleys Hill Road",
        "Suburb": "HENDON",
        "Notes": null,
        "Search Address": "Kurlana Tampawardli, 45-47 Tapleys Hill Road, HENDON",
        "Latitude": -34.869209830668,
        "Longitude": 138.512287525962
      },
      "geometry": {
        "type": "Point",
        "coordinates": [
          138.512287525962,
          -34.869209830668
        ]
      }
    },
    {
      "type": "Feature",
      "properties": {
        "Site ID": 286,
        "Governing LHN": "SALHN",
        "Geographical LHN": "CALHN",
        "Site Name": "Nunkuwarrin Yunti - Adelaide",
        "Address": "182 Wakefield Street",
        "Suburb": "ADELAIDE",
        "Notes": null,
        "Search Address": "Nunkuwarrin Yunti - Adelaide, 182 Wakefield Street, ADELAIDE",
        "Latitude": -34.9278170450488,
        "Longitude": 138.607742894643
      },
      "geometry": {
        "type": "Point",
        "coordinates": [
          138.607742894643,
          -34.9278170450488
        ]
      }
    },
    {
      "type": "Feature",
      "properties": {
        "Site ID": 287,
        "Governing LHN": "SALHN",
        "Geographical LHN": "CALHN",
        "Site Name": "Sex Industry Network (SIN)",
        "Address": "220 South Road",
        "Suburb": "MILE END",
        "Notes": null,
        "Search Address": "Sex Industry Network (SIN), 220 South Road, MILE END",
        "Latitude": -34.9279205847862,
        "Longitude": 138.569774411681
      },
      "geometry": {
        "type": "Point",
        "coordinates": [
          138.569774411681,
          -34.9279205847862
        ]
      }
    },
    {
      "type": "Feature",
      "properties": {
        "Site ID": 288,
        "Governing LHN": "SALHN",
        "Geographical LHN": "CALHN",
        "Site Name": "Shine - Woodville",
        "Address": "64C Woodville Road",
        "Suburb": "WOODVILLE",
        "Notes": null,
        "Search Address": "Shine - Woodville, 64C Woodville Road, WOODVILLE",
        "Latitude": -34.8793588912029,
        "Longitude": 138.536715797137
      },
      "geometry": {
        "type": "Point",
        "coordinates": [
          138.536715797137,
          -34.8793588912029
        ]
      }
    },
    {
      "type": "Feature",
      "properties": {
        "Site ID": 289,
        "Governing LHN": "SALHN",
        "Geographical LHN": "CALHN",
        "Site Name": "Towards Independence Sobering Up Unit",
        "Address": "62 Whitmore Square",
        "Suburb": "ADELAIDE",
        "Notes": null,
        "Search Address": "Towards Independence Sobering Up Unit, 62 Whitmore Square, ADELAIDE",
        "Latitude": -34.9339571911646,
        "Longitude": 138.595054622129
      },
      "geometry": {
        "type": "Point",
        "coordinates": [
          138.595054622129,
          -34.9339571911646
        ]
      }
    },
    {
      "type": "Feature",
      "properties": {
        "Site ID": 290,
        "Governing LHN": "SALHN",
        "Geographical LHN": "CALHN",
        "Site Name": "Uniting Communities - Adelaide",
        "Address": "43 Franklin Street",
        "Suburb": "ADELAIDE",
        "Notes": null,
        "Search Address": "Uniting Communities - Adelaide, 43 Franklin Street, ADELAIDE",
        "Latitude": -34.9274483216565,
        "Longitude": 138.59742305824
      },
      "geometry": {
        "type": "Point",
        "coordinates": [
          138.59742305824,
          -34.9274483216565
        ]
      }
    },
    {
      "type": "Feature",
      "properties": {
        "Site ID": 291,
        "Governing LHN": "SALHN",
        "Geographical LHN": "NALHN",
        "Site Name": "Uniting Communities - Smithfield",
        "Address": "26 Anderson Walk",
        "Suburb": "SMITHFIELD",
        "Notes": null,
        "Search Address": "Uniting Communities - Smithfield, 26 Anderson Walk, SMITHFIELD",
        "Latitude": -34.6813804922076,
        "Longitude": 138.68817203634
      },
      "geometry": {
        "type": "Point",
        "coordinates": [
          138.68817203634,
          -34.6813804922076
        ]
      }
    },
    {
      "type": "Feature",
      "properties": {
        "Site ID": 292,
        "Governing LHN": "SALHN",
        "Geographical LHN": "SALHN",
        "Site Name": "Aboriginal Health - Minunthi Tapa Inparrititya",
        "Address": "13 Wingfield Street",
        "Suburb": "CLOVELLY PARK",
        "Notes": null,
        "Search Address": "Aboriginal Health - Minunthi Tapa Inparrititya, 13 Wingfield Street, CLOVELLY PARK",
        "Latitude": -34.9946099383173,
        "Longitude": 138.574169899596
      },
      "geometry": {
        "type": "Point",
        "coordinates": [
          138.574169899596,
          -34.9946099383173
        ]
      }
    },
    {
      "type": "Feature",
      "properties": {
        "Site ID": 293,
        "Governing LHN": "SALHN",
        "Geographical LHN": "SALHN",
        "Site Name": "DASSA - Southern Services",
        "Address": "1/209 Main South Road",
        "Suburb": "MORPHETT VALE",
        "Notes": null,
        "Search Address": "DASSA - Southern Services, 1/209 Main South Road, MORPHETT VALE",
        "Latitude": -35.1184508889412,
        "Longitude": 138.522119762975
      },
      "geometry": {
        "type": "Point",
        "coordinates": [
          138.522119762975,
          -35.1184508889412
        ]
      }
    },
    {
      "type": "Feature",
      "properties": {
        "Site ID": 294,
        "Governing LHN": "SALHN",
        "Geographical LHN": "SALHN",
        "Site Name": "Flinders Eye Clinic",
        "Address": "5 Laffer Drive",
        "Suburb": "BEDFORD PARK",
        "Notes": null,
        "Search Address": "Flinders Eye Clinic, 5 Laffer Drive, BEDFORD PARK",
        "Latitude": -35.0193485393142,
        "Longitude": 138.565816322221
      },
      "geometry": {
        "type": "Point",
        "coordinates": [
          138.565816322221,
          -35.0193485393142
        ]
      }
    },
    {
      "type": "Feature",
      "properties": {
        "Site ID": 295,
        "Governing LHN": "SALHN",
        "Geographical LHN": "SALHN",
        "Site Name": "Flinders Medical Centre",
        "Address": "Flinders Drive",
        "Suburb": "BEDFORD PARK",
        "Notes": null,
        "Search Address": "Flinders Medical Centre, Flinders Drive, BEDFORD PARK",
        "Latitude": -35.0226774208117,
        "Longitude": 138.569078765104
      },
      "geometry": {
        "type": "Point",
        "coordinates": [
          138.569078765104,
          -35.0226774208117
        ]
      }
    },
    {
      "type": "Feature",
      "properties": {
        "Site ID": 296,
        "Governing LHN": "SALHN",
        "Geographical LHN": "SALHN",
        "Site Name": "GP Plus - Aldinga",
        "Address": "1 Pridham Boulevard",
        "Suburb": "ALDINGA",
        "Notes": null,
        "Search Address": "GP Plus - Aldinga, 1 Pridham Boulevard, ALDINGA",
        "Latitude": -35.2758936333011,
        "Longitude": 138.460749298714
      },
      "geometry": {
        "type": "Point",
        "coordinates": [
          138.460749298714,
          -35.2758936333011
        ]
      }
    },
    {
      "type": "Feature",
      "properties": {
        "Site ID": 297,
        "Governing LHN": "SALHN",
        "Geographical LHN": "SALHN",
        "Site Name": "GP Plus - Marion",
        "Address": "10 Milham Street",
        "Suburb": "OAKLANDS PARK",
        "Notes": null,
        "Search Address": "GP Plus - Marion, 10 Milham Street, OAKLANDS PARK",
        "Latitude": -35.0134793229997,
        "Longitude": 138.542329799677
      },
      "geometry": {
        "type": "Point",
        "coordinates": [
          138.542329799677,
          -35.0134793229997
        ]
      }
    },
    {
      "type": "Feature",
      "properties": {
        "Site ID": 298,
        "Governing LHN": "SALHN",
        "Geographical LHN": "SALHN",
        "Site Name": "GP Plus Super Clinic - Noarlunga",
        "Address": "Alexander Kelly Drive",
        "Suburb": "NOARLUNGA",
        "Notes": null,
        "Search Address": "GP Plus Super Clinic - Noarlunga, Alexander Kelly Drive, NOARLUNGA",
        "Latitude": -35.1393827178646,
        "Longitude": 138.498943843021
      },
      "geometry": {
        "type": "Point",
        "coordinates": [
          138.498943843021,
          -35.1393827178646
        ]
      }
    },
    {
      "type": "Feature",
      "properties": {
        "Site ID": 299,
        "Governing LHN": "SALHN",
        "Geographical LHN": "SALHN",
        "Site Name": "Keyboard Services - Repat",
        "Address": "216 Daws Road ",
        "Suburb": "DAW PARK",
        "Notes": null,
        "Search Address": "Keyboard Services - Repat, 216 Daws Road , DAW PARK",
        "Latitude": -34.9914748864066,
        "Longitude": 138.589671445891
      },
      "geometry": {
        "type": "Point",
        "coordinates": [
          138.589671445891,
          -34.9914748864066
        ]
      }
    },
    {
      "type": "Feature",
      "properties": {
        "Site ID": 300,
        "Governing LHN": "SALHN",
        "Geographical LHN": "SALHN",
        "Site Name": "Noarlunga Hospital",
        "Address": "Alexander Kelly Drive",
        "Suburb": "NOARLUNGA",
        "Notes": null,
        "Search Address": "Noarlunga Hospital, Alexander Kelly Drive, NOARLUNGA",
        "Latitude": -35.1391506282838,
        "Longitude": 138.500211510098
      },
      "geometry": {
        "type": "Point",
        "coordinates": [
          138.500211510098,
          -35.1391506282838
        ]
      }
    },
    {
      "type": "Feature",
      "properties": {
        "Site ID": 301,
        "Governing LHN": "SALHN",
        "Geographical LHN": "SALHN",
        "Site Name": "Older Persons Mental Health Service (OPMHS) Southern Team",
        "Address": "216 Daws Road ",
        "Suburb": "DAW PARK",
        "Notes": null,
        "Search Address": "Older Persons Mental Health Service (OPMHS) Southern Team, 216 Daws Road , DAW PARK",
        "Latitude": -34.9918681163487,
        "Longitude": 138.5885826516
      },
      "geometry": {
        "type": "Point",
        "coordinates": [
          138.5885826516,
          -34.9918681163487
        ]
      }
    },
    {
      "type": "Feature",
      "properties": {
        "Site ID": 302,
        "Governing LHN": "SALHN",
        "Geographical LHN": "SALHN",
        "Site Name": "Repatriation Health Precinct",
        "Address": "Gate 8, 800 Goodwood Road",
        "Suburb": "DAW PARK",
        "Notes": null,
        "Search Address": "Repatriation Health Precinct, Gate 8, 800 Goodwood Road, DAW PARK",
        "Latitude": -34.9917183271043,
        "Longitude": 138.590083177657
      },
      "geometry": {
        "type": "Point",
        "coordinates": [
          138.590083177657,
          -34.9917183271043
        ]
      }
    },
    {
      "type": "Feature",
      "properties": {
        "Site ID": 303,
        "Governing LHN": "SALHN",
        "Geographical LHN": "SALHN",
        "Site Name": "RepatriationHealth Precinct",
        "Address": "216 Daws Road",
        "Suburb": "DAW PARK",
        "Notes": null,
        "Search Address": "RepatriationHealth Precinct, 216 Daws Road, DAW PARK",
        "Latitude": -34.9917183271043,
        "Longitude": 138.590083177657
      },
      "geometry": {
        "type": "Point",
        "coordinates": [
          138.590083177657,
          -34.9917183271043
        ]
      }
    },
    {
      "type": "Feature",
      "properties": {
        "Site ID": 304,
        "Governing LHN": "SALHN",
        "Geographical LHN": "SALHN",
        "Site Name": "Rehab V Rehabilitation Ward - Repat",
        "Address": "216 Daws Road ",
        "Suburb": "DAW PARK",
        "Notes": null,
        "Search Address": "Rehab V Rehabilitation Ward - Repat, 216 Daws Road , DAW PARK",
        "Latitude": -34.9917183271043,
        "Longitude": 138.590083177657
      },
      "geometry": {
        "type": "Point",
        "coordinates": [
          138.590083177657,
          -34.9917183271043
        ]
      }
    },
    {
      "type": "Feature",
      "properties": {
        "Site ID": 305,
        "Governing LHN": "SALHN",
        "Geographical LHN": "SALHN",
        "Site Name": "SALHN Administration",
        "Address": "Mark Oliphant Building, 5 Laffer Drive ",
        "Suburb": "BEDFORD PARK",
        "Notes": null,
        "Search Address": "SALHN Administration, Mark Oliphant Building, 5 Laffer Drive , BEDFORD PARK",
        "Latitude": -35.0193471073894,
        "Longitude": 138.565787153956
      },
      "geometry": {
        "type": "Point",
        "coordinates": [
          138.565787153956,
          -35.0193471073894
        ]
      }
    },
    {
      "type": "Feature",
      "properties": {
        "Site ID": 306,
        "Governing LHN": "SALHN",
        "Geographical LHN": "SALHN",
        "Site Name": "SALHN Admin Offices - Clovelly Park",
        "Address": "Level 1 1284 South Road",
        "Suburb": "CLOVELLY PARK",
        "Notes": null,
        "Search Address": "SALHN Admin Offices - Clovelly Park, Level 1 1284 South Road, CLOVELLY PARK",
        "Latitude": -35.0088341675149,
        "Longitude": 138.575037312999
      },
      "geometry": {
        "type": "Point",
        "coordinates": [
          138.575037312999,
          -35.0088341675149
        ]
      }
    },
    {
      "type": "Feature",
      "properties": {
        "Site ID": 307,
        "Governing LHN": "SALHN",
        "Geographical LHN": "SALHN",
        "Site Name": "SALHN Corporate Services Offices - Repat",
        "Address": "Gate 3,216 Daws Road",
        "Suburb": "DAW PARK",
        "Notes": null,
        "Search Address": "SALHN Corporate Services Offices - Repat, Gate 3,216 Daws Road, DAW PARK",
        "Latitude": -34.9915967785334,
        "Longitude": 138.589913787094
      },
      "geometry": {
        "type": "Point",
        "coordinates": [
          138.589913787094,
          -34.9915967785334
        ]
      }
    },
    {
      "type": "Feature",
      "properties": {
        "Site ID": 308,
        "Governing LHN": "SALHN",
        "Geographical LHN": "SALHN",
        "Site Name": "SALHN Medical Records",
        "Address": "Level 2, 6 MAB Circuit ",
        "Suburb": "TONSLEY",
        "Notes": null,
        "Search Address": "SALHN Medical Records, Level 2, 6 MAB Circuit , TONSLEY",
        "Latitude": -35.0074599429672,
        "Longitude": 138.573559748978
      },
      "geometry": {
        "type": "Point",
        "coordinates": [
          138.573559748978,
          -35.0074599429672
        ]
      }
    },
    {
      "type": "Feature",
      "properties": {
        "Site ID": 309,
        "Governing LHN": "SALHN",
        "Geographical LHN": "SALHN",
        "Site Name": "SA Pharmacy - Flinders Medical Centre (FMC)",
        "Address": "Flinders Drive",
        "Suburb": "BEDFORD PARK",
        "Notes": null,
        "Search Address": "SA Pharmacy - Flinders Medical Centre (FMC), Flinders Drive, BEDFORD PARK",
        "Latitude": -35.0226681346459,
        "Longitude": 138.569082314956
      },
      "geometry": {
        "type": "Point",
        "coordinates": [
          138.569082314956,
          -35.0226681346459
        ]
      }
    },
    {
      "type": "Feature",
      "properties": {
        "Site ID": 310,
        "Governing LHN": "SALHN",
        "Geographical LHN": "SALHN",
        "Site Name": "SA Pharmacy - Noarlunga Hospital",
        "Address": "Alexander Kelly Drive",
        "Suburb": "NOARLUNGA",
        "Notes": null,
        "Search Address": "SA Pharmacy - Noarlunga Hospital, Alexander Kelly Drive, NOARLUNGA",
        "Latitude": -35.1394334278263,
        "Longitude": 138.500128916958
      },
      "geometry": {
        "type": "Point",
        "coordinates": [
          138.500128916958,
          -35.1394334278263
        ]
      }
    },
    {
      "type": "Feature",
      "properties": {
        "Site ID": 311,
        "Governing LHN": "SALHN",
        "Geographical LHN": "SALHN",
        "Site Name": "SA Pharmacy - Repatriation Health Precinct",
        "Address": "222 Daws Road",
        "Suburb": "DAW PARK",
        "Notes": null,
        "Search Address": "SA Pharmacy - Repatriation Health Precinct, 222 Daws Road, DAW PARK",
        "Latitude": -34.9915527640048,
        "Longitude": 138.589978276418
      },
      "geometry": {
        "type": "Point",
        "coordinates": [
          138.589978276418,
          -34.9915527640048
        ]
      }
    },
    {
      "type": "Feature",
      "properties": {
        "Site ID": 312,
        "Governing LHN": "SALHN",
        "Geographical LHN": "SALHN",
        "Site Name": "Southern Intermediate Care",
        "Address": "Lot 97 Jackson Place",
        "Suburb": "NOARLUNGA",
        "Notes": "closed",
        "Search Address": "Southern Intermediate Care, Lot 97 Jackson Place, NOARLUNGA",
        "Latitude": -35.1414020132965,
        "Longitude": 138.501923082872
      },
      "geometry": {
        "type": "Point",
        "coordinates": [
          138.501923082872,
          -35.1414020132965
        ]
      }
    },
    {
      "type": "Feature",
      "properties": {
        "Site ID": 313,
        "Governing LHN": "SALHN",
        "Geographical LHN": "SALHN",
        "Site Name": "Statewide Eating Disorder Service",
        "Address": "2A Jetty Road",
        "Suburb": "BRIGHTON",
        "Notes": null,
        "Search Address": "Statewide Eating Disorder Service, 2A Jetty Road, BRIGHTON",
        "Latitude": -35.016670938083,
        "Longitude": 138.522464857151
      },
      "geometry": {
        "type": "Point",
        "coordinates": [
          138.522464857151,
          -35.016670938083
        ]
      }
    },
    {
      "type": "Feature",
      "properties": {
        "Site ID": 314,
        "Governing LHN": "SALHN",
        "Geographical LHN": "SALHN",
        "Site Name": "The Trevor Parry Community Rehabilitation Centre",
        "Address": "9 Grey Box Avenue ",
        "Suburb": "NOARLUNGA",
        "Notes": null,
        "Search Address": "The Trevor Parry Community Rehabilitation Centre, 9 Grey Box Avenue , NOARLUNGA",
        "Latitude": -35.1399042434553,
        "Longitude": 138.503754488693
      },
      "geometry": {
        "type": "Point",
        "coordinates": [
          138.503754488693,
          -35.1399042434553
        ]
      }
    },
    {
      "type": "Feature",
      "properties": {
        "Site ID": 315,
        "Governing LHN": "SALHN",
        "Geographical LHN": "SALHN",
        "Site Name": "Transition to Home - SALHN",
        "Address": "Lot 97 Jackson Place",
        "Suburb": "NOARLUNGA",
        "Notes": null,
        "Search Address": "Transition to Home - SALHN, Lot 97 Jackson Place, NOARLUNGA",
        "Latitude": -35.1414155370168,
        "Longitude": 138.501963935025
      },
      "geometry": {
        "type": "Point",
        "coordinates": [
          138.501963935025,
          -35.1414155370168
        ]
      }
    },
    {
      "type": "Feature",
      "properties": {
        "Site ID": 316,
        "Governing LHN": "SALHN",
        "Geographical LHN": "SALHN",
        "Site Name": "Uniting Communities - Christies Beach",
        "Address": "3/107 Dyson Road",
        "Suburb": "CHRISTIES BEACH",
        "Notes": null,
        "Search Address": "Uniting Communities - Christies Beach, 3/107 Dyson Road, CHRISTIES BEACH",
        "Latitude": -35.1366643894399,
        "Longitude": 138.485854327381
      },
      "geometry": {
        "type": "Point",
        "coordinates": [
          138.485854327381,
          -35.1366643894399
        ]
      }
    },
    {
      "type": "Feature",
      "properties": {
        "Site ID": 317,
        "Governing LHN": "SALHN",
        "Geographical LHN": "BHFLHN",
        "Site Name": "DASSA - NSP - Gawler Health Service ",
        "Address": "21 Hutchinson Road",
        "Suburb": "GAWLER EAST",
        "Notes": null,
        "Search Address": "DASSA - NSP - Gawler Health Service , 21 Hutchinson Road, GAWLER EAST",
        "Latitude": -34.5932851216152,
        "Longitude": 138.755238427438
      },
      "geometry": {
        "type": "Point",
        "coordinates": [
          138.755238427438,
          -34.5932851216152
        ]
      }
    },
    {
      "type": "Feature",
      "properties": {
        "Site ID": 318,
        "Governing LHN": "SALHN",
        "Geographical LHN": "BHFLHN",
        "Site Name": "DASSA - NSP - Mount Barker District Soldiers' Memorial Hospital",
        "Address": "87 Wellington Road",
        "Suburb": "MOUNT BARKER",
        "Notes": null,
        "Search Address": "DASSA - NSP - Mount Barker District Soldiers' Memorial Hospital, 87 Wellington Road, MOUNT BARKER",
        "Latitude": -35.0822887287138,
        "Longitude": 138.869970006821
      },
      "geometry": {
        "type": "Point",
        "coordinates": [
          138.869970006821,
          -35.0822887287138
        ]
      }
    },
    {
      "type": "Feature",
      "properties": {
        "Site ID": 319,
        "Governing LHN": "SALHN",
        "Geographical LHN": "BHFLHN",
        "Site Name": "DASSA - NSP - Southern Fleurieu Health Service",
        "Address": "Harbor View Terrace",
        "Suburb": "VICTOR HARBOR",
        "Notes": null,
        "Search Address": "DASSA - NSP - Southern Fleurieu Health Service, Harbor View Terrace, VICTOR HARBOR",
        "Latitude": -35.5612892245097,
        "Longitude": 138.607298255569
      },
      "geometry": {
        "type": "Point",
        "coordinates": [
          138.607298255569,
          -35.5612892245097
        ]
      }
    },
    {
      "type": "Feature",
      "properties": {
        "Site ID": 320,
        "Governing LHN": "SALHN",
        "Geographical LHN": "BHFLHN",
        "Site Name": "DASSA - NSP - Strathalbyn and District Health Service",
        "Address": "14 Alfred Place",
        "Suburb": "STRATHALBYN",
        "Notes": null,
        "Search Address": "DASSA - NSP - Strathalbyn and District Health Service, 14 Alfred Place, STRATHALBYN",
        "Latitude": -35.2576744237594,
        "Longitude": 138.8933884749
      },
      "geometry": {
        "type": "Point",
        "coordinates": [
          138.8933884749,
          -35.2576744237594
        ]
      }
    },
    {
      "type": "Feature",
      "properties": {
        "Site ID": 321,
        "Governing LHN": "SALHN",
        "Geographical LHN": "BHFLHN",
        "Site Name": "DASSA - NSP - Tanunda War Memorial Hospital",
        "Address": "15 Mill Street",
        "Suburb": "TANUNDA",
        "Notes": null,
        "Search Address": "DASSA - NSP - Tanunda War Memorial Hospital, 15 Mill Street, TANUNDA",
        "Latitude": -34.5279366261582,
        "Longitude": 138.961020326998
      },
      "geometry": {
        "type": "Point",
        "coordinates": [
          138.961020326998,
          -34.5279366261582
        ]
      }
    },
    {
      "type": "Feature",
      "properties": {
        "Site ID": 322,
        "Governing LHN": "SALHN",
        "Geographical LHN": "BHFLHN",
        "Site Name": "DASSA - Woolshed Therapeutic Community",
        "Address": "37 Henry Martin Road",
        "Suburb": "ASHBOURNE",
        "Notes": null,
        "Search Address": "DASSA - Woolshed Therapeutic Community, 37 Henry Martin Road, ASHBOURNE",
        "Latitude": -35.2794665618069,
        "Longitude": 138.773737201132
      },
      "geometry": {
        "type": "Point",
        "coordinates": [
          138.773737201132,
          -35.2794665618069
        ]
      }
    },
    {
      "type": "Feature",
      "properties": {
        "Site ID": 323,
        "Governing LHN": "SALHN",
        "Geographical LHN": "CALHN",
        "Site Name": "DASSA - Central Services",
        "Address": "75-91 Magill Road",
        "Suburb": "STEPNEY",
        "Notes": null,
        "Search Address": "DASSA - Central Services, 75-91 Magill Road, STEPNEY",
        "Latitude": -34.9150868381584,
        "Longitude": 138.629550992018
      },
      "geometry": {
        "type": "Point",
        "coordinates": [
          138.629550992018,
          -34.9150868381584
        ]
      }
    },
    {
      "type": "Feature",
      "properties": {
        "Site ID": 324,
        "Governing LHN": "SALHN",
        "Geographical LHN": "CALHN",
        "Site Name": "DASSA - Clinic H Adelaide",
        "Address": "82 King William Street",
        "Suburb": "ADELAIDE",
        "Notes": null,
        "Search Address": "DASSA - Clinic H Adelaide, 82 King William Street, ADELAIDE",
        "Latitude": -34.9245438065373,
        "Longitude": 138.600037550325
      },
      "geometry": {
        "type": "Point",
        "coordinates": [
          138.600037550325,
          -34.9245438065373
        ]
      }
    },
    {
      "type": "Feature",
      "properties": {
        "Site ID": 325,
        "Governing LHN": "SALHN",
        "Geographical LHN": "CALHN",
        "Site Name": "DASSA - Glenside Health",
        "Address": "226 Fullarton Road",
        "Suburb": "GLENSIDE",
        "Notes": null,
        "Search Address": "DASSA - Glenside Health, 226 Fullarton Road, GLENSIDE",
        "Latitude": -34.9455288418528,
        "Longitude": 138.628193148543
      },
      "geometry": {
        "type": "Point",
        "coordinates": [
          138.628193148543,
          -34.9455288418528
        ]
      }
    },
    {
      "type": "Feature",
      "properties": {
        "Site ID": 326,
        "Governing LHN": "SALHN",
        "Geographical LHN": "CALHN",
        "Site Name": "DASSA - NSP - Hutt Street Centre",
        "Address": "258 Hutt Street",
        "Suburb": "ADELAIDE",
        "Notes": null,
        "Search Address": "DASSA - NSP - Hutt Street Centre, 258 Hutt Street, ADELAIDE",
        "Latitude": -34.9342435144448,
        "Longitude": 138.612892795975
      },
      "geometry": {
        "type": "Point",
        "coordinates": [
          138.612892795975,
          -34.9342435144448
        ]
      }
    },
    {
      "type": "Feature",
      "properties": {
        "Site ID": 327,
        "Governing LHN": "SALHN",
        "Geographical LHN": "EFNLHN",
        "Site Name": "DASSA - Ceduna",
        "Address": "3 Eyre Highway",
        "Suburb": "CEDUNA",
        "Notes": null,
        "Search Address": "DASSA - Ceduna, 3 Eyre Highway, CEDUNA",
        "Latitude": -32.1193011425354,
        "Longitude": 133.672484023323
      },
      "geometry": {
        "type": "Point",
        "coordinates": [
          133.672484023323,
          -32.1193011425354
        ]
      }
    },
    {
      "type": "Feature",
      "properties": {
        "Site ID": 328,
        "Governing LHN": "SALHN",
        "Geographical LHN": "EFNLHN",
        "Site Name": "DASSA - NSP - Coober Pedy Hospital",
        "Address": "Lot 89 Hospital Road",
        "Suburb": "COOBER PEDY",
        "Notes": null,
        "Search Address": "DASSA - NSP - Coober Pedy Hospital, Lot 89 Hospital Road, COOBER PEDY",
        "Latitude": -29.0048777167417,
        "Longitude": 134.762239281701
      },
      "geometry": {
        "type": "Point",
        "coordinates": [
          134.762239281701,
          -29.0048777167417
        ]
      }
    },
    {
      "type": "Feature",
      "properties": {
        "Site ID": 329,
        "Governing LHN": "SALHN",
        "Geographical LHN": "EFNLHN",
        "Site Name": "DASSA - NSP - Tumby Bay Hospital & Health Service",
        "Address": "8 Esplanade",
        "Suburb": "TUMBY BAY",
        "Notes": null,
        "Search Address": "DASSA - NSP - Tumby Bay Hospital & Health Service, 8 Esplanade, TUMBY BAY",
        "Latitude": -34.3723528713484,
        "Longitude": 136.104042119471
      },
      "geometry": {
        "type": "Point",
        "coordinates": [
          136.104042119471,
          -34.3723528713484
        ]
      }
    },
    {
      "type": "Feature",
      "properties": {
        "Site ID": 330,
        "Governing LHN": "SALHN",
        "Geographical LHN": "EFNLHN",
        "Site Name": "DASSA - NSP - West Coast Youth & Community Support",
        "Address": "7 Mortlock Terrace",
        "Suburb": "PORT LINCOLN",
        "Notes": null,
        "Search Address": "DASSA - NSP - West Coast Youth & Community Support, 7 Mortlock Terrace, PORT LINCOLN",
        "Latitude": -34.7239010523857,
        "Longitude": 135.859842530618
      },
      "geometry": {
        "type": "Point",
        "coordinates": [
          135.859842530618,
          -34.7239010523857
        ]
      }
    },
    {
      "type": "Feature",
      "properties": {
        "Site ID": 331,
        "Governing LHN": "SALHN",
        "Geographical LHN": "FUNLHN",
        "Site Name": "DASSA - NSP - Nunyara Aboriginal Health Service",
        "Address": "17/23 Tully Street",
        "Suburb": "WHYALLA",
        "Notes": null,
        "Search Address": "DASSA - NSP - Nunyara Aboriginal Health Service, 17/23 Tully Street, WHYALLA",
        "Latitude": -33.0160540774472,
        "Longitude": 137.517691963915
      },
      "geometry": {
        "type": "Point",
        "coordinates": [
          137.517691963915,
          -33.0160540774472
        ]
      }
    },
    {
      "type": "Feature",
      "properties": {
        "Site ID": 332,
        "Governing LHN": "SALHN",
        "Geographical LHN": "FUNLHN",
        "Site Name": "DASSA - NSP - Port Augusta Hospital and Regional Health Service",
        "Address": "71 Hospital Road",
        "Suburb": "PORT AUGUSTA",
        "Notes": null,
        "Search Address": "DASSA - NSP - Port Augusta Hospital and Regional Health Service, 71 Hospital Road, PORT AUGUSTA",
        "Latitude": -32.5100592878705,
        "Longitude": 137.775876055646
      },
      "geometry": {
        "type": "Point",
        "coordinates": [
          137.775876055646,
          -32.5100592878705
        ]
      }
    },
    {
      "type": "Feature",
      "properties": {
        "Site ID": 333,
        "Governing LHN": "SALHN",
        "Geographical LHN": "FUNLHN",
        "Site Name": "DASSA - NSP - Port Augusta Substance Misuse Service",
        "Address": "Elizabeth Terrace",
        "Suburb": "PORT AUGUSTA",
        "Notes": null,
        "Search Address": "DASSA - NSP - Port Augusta Substance Misuse Service, Elizabeth Terrace, PORT AUGUSTA",
        "Latitude": -32.5110044401538,
        "Longitude": 137.776385211125
      },
      "geometry": {
        "type": "Point",
        "coordinates": [
          137.776385211125,
          -32.5110044401538
        ]
      }
    },
    {
      "type": "Feature",
      "properties": {
        "Site ID": 334,
        "Governing LHN": "SALHN",
        "Geographical LHN": "FUNLHN",
        "Site Name": "DASSA - NSP - Whyalla Hospital and Health Service",
        "Address": "20 Wood Terrace",
        "Suburb": "WHYALLA",
        "Notes": null,
        "Search Address": "DASSA - NSP - Whyalla Hospital and Health Service, 20 Wood Terrace, WHYALLA",
        "Latitude": -33.0339809180321,
        "Longitude": 137.57729820266
      },
      "geometry": {
        "type": "Point",
        "coordinates": [
          137.57729820266,
          -33.0339809180321
        ]
      }
    },
    {
      "type": "Feature",
      "properties": {
        "Site ID": 335,
        "Governing LHN": "SALHN",
        "Geographical LHN": "LCLHN",
        "Site Name": "DASSA - Mount Gambier",
        "Address": "Whel Street",
        "Suburb": "MOUNT GAMBIER",
        "Notes": null,
        "Search Address": "DASSA - Mount Gambier, Whel Street, MOUNT GAMBIER",
        "Latitude": -37.8054638026147,
        "Longitude": 140.787206981586
      },
      "geometry": {
        "type": "Point",
        "coordinates": [
          140.787206981586,
          -37.8054638026147
        ]
      }
    },
    {
      "type": "Feature",
      "properties": {
        "Site ID": 336,
        "Governing LHN": "SALHN",
        "Geographical LHN": "LCLHN",
        "Site Name": "DASSA - Uniting Communities Mt Gambier",
        "Address": "2B Helen Street",
        "Suburb": "MOUNT GAMBIER",
        "Notes": null,
        "Search Address": "DASSA - Uniting Communities Mt Gambier, 2B Helen Street, MOUNT GAMBIER",
        "Latitude": -37.8302335236644,
        "Longitude": 140.779205381448
      },
      "geometry": {
        "type": "Point",
        "coordinates": [
          140.779205381448,
          -37.8302335236644
        ]
      }
    },
    {
      "type": "Feature",
      "properties": {
        "Site ID": 337,
        "Governing LHN": "SALHN",
        "Geographical LHN": "NALHN",
        "Site Name": "DASSA - GP Plus - Elizabeth",
        "Address": "16 Playford Avenue",
        "Suburb": "ELIZABETH",
        "Notes": null,
        "Search Address": "DASSA - GP Plus - Elizabeth, 16 Playford Avenue, ELIZABETH",
        "Latitude": -34.7169560336728,
        "Longitude": 138.671221595096
      },
      "geometry": {
        "type": "Point",
        "coordinates": [
          138.671221595096,
          -34.7169560336728
        ]
      }
    },
    {
      "type": "Feature",
      "properties": {
        "Site ID": 338,
        "Governing LHN": "SALHN",
        "Geographical LHN": "NALHN",
        "Site Name": "DASSA - Northern Services",
        "Address": "22 Langford Drive",
        "Suburb": "ELIZABETH",
        "Notes": null,
        "Search Address": "DASSA - Northern Services, 22 Langford Drive, ELIZABETH",
        "Latitude": -34.7196217302909,
        "Longitude": 138.664243614284
      },
      "geometry": {
        "type": "Point",
        "coordinates": [
          138.664243614284,
          -34.7196217302909
        ]
      }
    },
    {
      "type": "Feature",
      "properties": {
        "Site ID": 339,
        "Governing LHN": "SALHN",
        "Geographical LHN": "RMCLHN",
        "Site Name": "DASSA - Berri",
        "Address": "23 Cornwall Street ",
        "Suburb": "BERRI",
        "Notes": null,
        "Search Address": "DASSA - Berri, 23 Cornwall Street , BERRI",
        "Latitude": -34.2769539266065,
        "Longitude": 140.601562603793
      },
      "geometry": {
        "type": "Point",
        "coordinates": [
          140.601562603793,
          -34.2769539266065
        ]
      }
    },
    {
      "type": "Feature",
      "properties": {
        "Site ID": 340,
        "Governing LHN": "SALHN",
        "Geographical LHN": "RMCLHN",
        "Site Name": "DASSA - NSP - Country Health Connect",
        "Address": "96 Swanport Road",
        "Suburb": "MURRAY BRIDGE",
        "Notes": null,
        "Search Address": "DASSA - NSP - Country Health Connect, 96 Swanport Road, MURRAY BRIDGE",
        "Latitude": -35.1301126643041,
        "Longitude": 139.280167360559
      },
      "geometry": {
        "type": "Point",
        "coordinates": [
          139.280167360559,
          -35.1301126643041
        ]
      }
    },
    {
      "type": "Feature",
      "properties": {
        "Site ID": 341,
        "Governing LHN": "SALHN",
        "Geographical LHN": "RMCLHN",
        "Site Name": "DASSA - NSP - iREACH Rural Health Incorporated",
        "Address": "L1/55 Adelaide Road",
        "Suburb": "MURRAY BRIDGE",
        "Notes": null,
        "Search Address": "DASSA - NSP - iREACH Rural Health Incorporated, L1/55 Adelaide Road, MURRAY BRIDGE",
        "Latitude": -35.1217888987741,
        "Longitude": 139.269189006045
      },
      "geometry": {
        "type": "Point",
        "coordinates": [
          139.269189006045,
          -35.1217888987741
        ]
      }
    },
    {
      "type": "Feature",
      "properties": {
        "Site ID": 342,
        "Governing LHN": "SALHN",
        "Geographical LHN": "RMCLHN",
        "Site Name": "DASSA - NSP - Mannum District Hospital",
        "Address": "Parker Street",
        "Suburb": "MANNUM",
        "Notes": null,
        "Search Address": "DASSA - NSP - Mannum District Hospital, Parker Street, MANNUM",
        "Latitude": -34.9165433287327,
        "Longitude": 139.30836219854
      },
      "geometry": {
        "type": "Point",
        "coordinates": [
          139.30836219854,
          -34.9165433287327
        ]
      }
    },
    {
      "type": "Feature",
      "properties": {
        "Site ID": 343,
        "Governing LHN": "SALHN",
        "Geographical LHN": "RMCLHN",
        "Site Name": "DASSA - NSP - Murray Bridge Soldiers' Memorial Hospital",
        "Address": "96 Swanport Road",
        "Suburb": "MURRAY BRIDGE",
        "Notes": null,
        "Search Address": "DASSA - NSP - Murray Bridge Soldiers' Memorial Hospital, 96 Swanport Road, MURRAY BRIDGE",
        "Latitude": -35.1288934999436,
        "Longitude": 139.280615297077
      },
      "geometry": {
        "type": "Point",
        "coordinates": [
          139.280615297077,
          -35.1288934999436
        ]
      }
    },
    {
      "type": "Feature",
      "properties": {
        "Site ID": 344,
        "Governing LHN": "SALHN",
        "Geographical LHN": "RMCLHN",
        "Site Name": "DASSA - NSP - Tailem Bend District Hospital",
        "Address": "74 Princes Highway",
        "Suburb": "TAILEM BEND",
        "Notes": null,
        "Search Address": "DASSA - NSP - Tailem Bend District Hospital, 74 Princes Highway, TAILEM BEND",
        "Latitude": -35.2547766274533,
        "Longitude": 139.452682717315
      },
      "geometry": {
        "type": "Point",
        "coordinates": [
          139.452682717315,
          -35.2547766274533
        ]
      }
    },
    {
      "type": "Feature",
      "properties": {
        "Site ID": 345,
        "Governing LHN": "SALHN",
        "Geographical LHN": "YNLHN",
        "Site Name": "DASSA - Balaklava",
        "Address": "War Memorial Drive",
        "Suburb": "BALAKLAVA",
        "Notes": null,
        "Search Address": "DASSA - Balaklava, War Memorial Drive, BALAKLAVA",
        "Latitude": -34.1396086605697,
        "Longitude": 138.419896398185
      },
      "geometry": {
        "type": "Point",
        "coordinates": [
          138.419896398185,
          -34.1396086605697
        ]
      }
    },
    {
      "type": "Feature",
      "properties": {
        "Site ID": 346,
        "Governing LHN": "SALHN",
        "Geographical LHN": "YNLHN",
        "Site Name": "DASSA - Crystal Brook",
        "Address": "Edmund Terrace ",
        "Suburb": "CRYSTAL BROOK",
        "Notes": null,
        "Search Address": "DASSA - Crystal Brook, Edmund Terrace , CRYSTAL BROOK",
        "Latitude": -34.1396061304458,
        "Longitude": 138.419580081272
      },
      "geometry": {
        "type": "Point",
        "coordinates": [
          138.419580081272,
          -34.1396061304458
        ]
      }
    },
    {
      "type": "Feature",
      "properties": {
        "Site ID": 347,
        "Governing LHN": "SALHN",
        "Geographical LHN": "YNLHN",
        "Site Name": "DASSA - NSP - Burra Hospital",
        "Address": "46 Commercial Street",
        "Suburb": "BURRA",
        "Notes": null,
        "Search Address": "DASSA - NSP - Burra Hospital, 46 Commercial Street, BURRA",
        "Latitude": -33.6854325947751,
        "Longitude": 138.934352592068
      },
      "geometry": {
        "type": "Point",
        "coordinates": [
          138.934352592068,
          -33.6854325947751
        ]
      }
    },
    {
      "type": "Feature",
      "properties": {
        "Site ID": 348,
        "Governing LHN": "SALHN",
        "Geographical LHN": "YNLHN",
        "Site Name": "DASSA - NSP - Clare Hospital",
        "Address": "47 Farrell Flat Road",
        "Suburb": "CLARE",
        "Notes": null,
        "Search Address": "DASSA - NSP - Clare Hospital, 47 Farrell Flat Road, CLARE",
        "Latitude": -33.8294665227042,
        "Longitude": 138.61439583739
      },
      "geometry": {
        "type": "Point",
        "coordinates": [
          138.61439583739,
          -33.8294665227042
        ]
      }
    },
    {
      "type": "Feature",
      "properties": {
        "Site ID": 349,
        "Governing LHN": "SALHN",
        "Geographical LHN": "YNLHN",
        "Site Name": "DASSA - NSP - Peterborough Soldiers' Memorial Hospital and Health Service",
        "Address": "23 Hurlstone Street",
        "Suburb": "PETERBOROUGH",
        "Notes": null,
        "Search Address": "DASSA - NSP - Peterborough Soldiers' Memorial Hospital and Health Service, 23 Hurlstone Street, PETERBOROUGH",
        "Latitude": -32.9806557382267,
        "Longitude": 138.830630524506
      },
      "geometry": {
        "type": "Point",
        "coordinates": [
          138.830630524506,
          -32.9806557382267
        ]
      }
    },
    {
      "type": "Feature",
      "properties": {
        "Site ID": 350,
        "Governing LHN": "SALHN",
        "Geographical LHN": "YNLHN",
        "Site Name": "DASSA - NSP - Port Broughton District Hospital and Health Service",
        "Address": "Bay Street",
        "Suburb": "PORT BROUGHTON",
        "Notes": null,
        "Search Address": "DASSA - NSP - Port Broughton District Hospital and Health Service, Bay Street, PORT BROUGHTON",
        "Latitude": -33.6009822211469,
        "Longitude": 137.933940810709
      },
      "geometry": {
        "type": "Point",
        "coordinates": [
          137.933940810709,
          -33.6009822211469
        ]
      }
    },
    {
      "type": "Feature",
      "properties": {
        "Site ID": 351,
        "Governing LHN": "SALHN",
        "Geographical LHN": "YNLHN",
        "Site Name": "DASSA - NSP - Port Pirie Regional Health Service",
        "Address": "The Terrace and Alexander Street",
        "Suburb": "PORT PIRIE",
        "Notes": null,
        "Search Address": "DASSA - NSP - Port Pirie Regional Health Service, The Terrace and Alexander Street, PORT PIRIE",
        "Latitude": -33.1773290865606,
        "Longitude": 138.004425386711
      },
      "geometry": {
        "type": "Point",
        "coordinates": [
          138.004425386711,
          -33.1773290865606
        ]
      }
    },
    {
      "type": "Feature",
      "properties": {
        "Site ID": 352,
        "Governing LHN": "SALHN",
        "Geographical LHN": "YNLHN",
        "Site Name": "DASSA - NSP - Snowtown Hospital",
        "Address": "South Terrace",
        "Suburb": "SNOWTOWN",
        "Notes": null,
        "Search Address": "DASSA - NSP - Snowtown Hospital, South Terrace, SNOWTOWN",
        "Latitude": -33.7870251249533,
        "Longitude": 138.212548171042
      },
      "geometry": {
        "type": "Point",
        "coordinates": [
          138.212548171042,
          -33.7870251249533
        ]
      }
    },
    {
      "type": "Feature",
      "properties": {
        "Site ID": 353,
        "Governing LHN": "SALHN",
        "Geographical LHN": "YNLHN",
        "Site Name": "DASSA - NSP - Wallaroo Hospital and Health Service",
        "Address": "Ernest Terrace",
        "Suburb": "WALLAROO",
        "Notes": null,
        "Search Address": "DASSA - NSP - Wallaroo Hospital and Health Service, Ernest Terrace, WALLAROO",
        "Latitude": -33.9278288640674,
        "Longitude": 137.636653417351
      },
      "geometry": {
        "type": "Point",
        "coordinates": [
          137.636653417351,
          -33.9278288640674
        ]
      }
    },
    {
      "type": "Feature",
      "properties": {
        "Site ID": 354,
        "Governing LHN": "YNLHN",
        "Geographical LHN": "YNLHN",
        "Site Name": "Balaklava Hospital and Health Service",
        "Address": "War Memorial Drive",
        "Suburb": "BALAKLAVA",
        "Notes": null,
        "Search Address": "Balaklava Hospital and Health Service, War Memorial Drive, BALAKLAVA",
        "Latitude": -34.1395513731206,
        "Longitude": 138.41993162682
      },
      "geometry": {
        "type": "Point",
        "coordinates": [
          138.41993162682,
          -34.1395513731206
        ]
      }
    },
    {
      "type": "Feature",
      "properties": {
        "Site ID": 355,
        "Governing LHN": "YNLHN",
        "Geographical LHN": "YNLHN",
        "Site Name": "Booleroo Centre District Hospital",
        "Address": "Stephens Street",
        "Suburb": "BOOLEROO CENTRE",
        "Notes": null,
        "Search Address": "Booleroo Centre District Hospital, Stephens Street, BOOLEROO CENTRE",
        "Latitude": -32.8781059752663,
        "Longitude": 138.350663600325
      },
      "geometry": {
        "type": "Point",
        "coordinates": [
          138.350663600325,
          -32.8781059752663
        ]
      }
    },
    {
      "type": "Feature",
      "properties": {
        "Site ID": 356,
        "Governing LHN": "YNLHN",
        "Geographical LHN": "YNLHN",
        "Site Name": "Burra Hospital",
        "Address": "46 Commercial Street",
        "Suburb": "BURRA",
        "Notes": null,
        "Search Address": "Burra Hospital, 46 Commercial Street, BURRA",
        "Latitude": -33.6854083258567,
        "Longitude": 138.934318129586
      },
      "geometry": {
        "type": "Point",
        "coordinates": [
          138.934318129586,
          -33.6854083258567
        ]
      }
    },
    {
      "type": "Feature",
      "properties": {
        "Site ID": 357,
        "Governing LHN": "YNLHN",
        "Geographical LHN": "YNLHN",
        "Site Name": "Clare Hospital",
        "Address": "47 Farrell Flat Road",
        "Suburb": "CLARE",
        "Notes": null,
        "Search Address": "Clare Hospital, 47 Farrell Flat Road, CLARE",
        "Latitude": -33.8294677819231,
        "Longitude": 138.614401395811
      },
      "geometry": {
        "type": "Point",
        "coordinates": [
          138.614401395811,
          -33.8294677819231
        ]
      }
    },
    {
      "type": "Feature",
      "properties": {
        "Site ID": 358,
        "Governing LHN": "YNLHN",
        "Geographical LHN": "YNLHN",
        "Site Name": "Clare RSL Building",
        "Address": "Lot 94 Burton Street",
        "Suburb": "CLARE",
        "Notes": "closed",
        "Search Address": "Clare RSL Building, Lot 94 Burton Street, CLARE",
        "Latitude": -33.8334471757251,
        "Longitude": 138.610967932005
      },
      "geometry": {
        "type": "Point",
        "coordinates": [
          138.610967932005,
          -33.8334471757251
        ]
      }
    },
    {
      "type": "Feature",
      "properties": {
        "Site ID": 359,
        "Governing LHN": "YNLHN",
        "Geographical LHN": "YNLHN",
        "Site Name": "Crystal Brook and District Hospital",
        "Address": "Edmund Terrace",
        "Suburb": "CRYSTAL BROOK",
        "Notes": null,
        "Search Address": "Crystal Brook and District Hospital, Edmund Terrace, CRYSTAL BROOK",
        "Latitude": -33.3544220446301,
        "Longitude": 138.213164576947
      },
      "geometry": {
        "type": "Point",
        "coordinates": [
          138.213164576947,
          -33.3544220446301
        ]
      }
    },
    {
      "type": "Feature",
      "properties": {
        "Site ID": 360,
        "Governing LHN": "YNLHN",
        "Geographical LHN": "YNLHN",
        "Site Name": "Jamestown Hospital and Health Service",
        "Address": "South Terrace",
        "Suburb": "JAMESTOWN",
        "Notes": null,
        "Search Address": "Jamestown Hospital and Health Service, South Terrace, JAMESTOWN",
        "Latitude": -33.2126138545594,
        "Longitude": 138.616707969122
      },
      "geometry": {
        "type": "Point",
        "coordinates": [
          138.616707969122,
          -33.2126138545594
        ]
      }
    },
    {
      "type": "Feature",
      "properties": {
        "Site ID": 361,
        "Governing LHN": "YNLHN",
        "Geographical LHN": "YNLHN",
        "Site Name": "Laura and Districts Hospital",
        "Address": "Mill Street",
        "Suburb": "LAURA",
        "Notes": null,
        "Search Address": "Laura and Districts Hospital, Mill Street, LAURA",
        "Latitude": -33.1750462143563,
        "Longitude": 138.298653254092
      },
      "geometry": {
        "type": "Point",
        "coordinates": [
          138.298653254092,
          -33.1750462143563
        ]
      }
    },
    {
      "type": "Feature",
      "properties": {
        "Site ID": 362,
        "Governing LHN": "YNLHN",
        "Geographical LHN": "YNLHN",
        "Site Name": "Maitland Hospital and Health Services",
        "Address": "65 Robert Street",
        "Suburb": "MAITLAND",
        "Notes": null,
        "Search Address": "Maitland Hospital and Health Services, 65 Robert Street, MAITLAND",
        "Latitude": -34.3704563648434,
        "Longitude": 137.674251540969
      },
      "geometry": {
        "type": "Point",
        "coordinates": [
          137.674251540969,
          -34.3704563648434
        ]
      }
    },
    {
      "type": "Feature",
      "properties": {
        "Site ID": 363,
        "Governing LHN": "YNLHN",
        "Geographical LHN": "YNLHN",
        "Site Name": "Melaleuca Court Nursing Home",
        "Address": "44 First Street ",
        "Suburb": "MINLATON",
        "Notes": null,
        "Search Address": "Melaleuca Court Nursing Home, 44 First Street , MINLATON",
        "Latitude": -34.7741191269177,
        "Longitude": 137.593849047466
      },
      "geometry": {
        "type": "Point",
        "coordinates": [
          137.593849047466,
          -34.7741191269177
        ]
      }
    },
    {
      "type": "Feature",
      "properties": {
        "Site ID": 364,
        "Governing LHN": "YNLHN",
        "Geographical LHN": "YNLHN",
        "Site Name": "Northern York Peninsula Regional Health",
        "Address": "Ernest Terrace",
        "Suburb": "WALLAROO",
        "Notes": null,
        "Search Address": "Northern York Peninsula Regional Health, Ernest Terrace, WALLAROO",
        "Latitude": -33.9286049021014,
        "Longitude": 137.636579052153
      },
      "geometry": {
        "type": "Point",
        "coordinates": [
          137.636579052153,
          -33.9286049021014
        ]
      }
    },
    {
      "type": "Feature",
      "properties": {
        "Site ID": 365,
        "Governing LHN": "YNLHN",
        "Geographical LHN": "YNLHN",
        "Site Name": "Orroroo Community Home - Orroroo and District Health Service",
        "Address": "32 Fifth Street",
        "Suburb": "ORROROO",
        "Notes": null,
        "Search Address": "Orroroo Community Home - Orroroo and District Health Service, 32 Fifth Street, ORROROO",
        "Latitude": -32.7367297504016,
        "Longitude": 138.611687574755
      },
      "geometry": {
        "type": "Point",
        "coordinates": [
          138.611687574755,
          -32.7367297504016
        ]
      }
    },
    {
      "type": "Feature",
      "properties": {
        "Site ID": 366,
        "Governing LHN": "YNLHN",
        "Geographical LHN": "YNLHN",
        "Site Name": "Orroroo District Hospital",
        "Address": " 68 Price Maurice Road",
        "Suburb": "ORROROO",
        "Notes": null,
        "Search Address": "Orroroo District Hospital,  68 Price Maurice Road, ORROROO",
        "Latitude": -32.7385924510918,
        "Longitude": 138.608094853382
      },
      "geometry": {
        "type": "Point",
        "coordinates": [
          138.608094853382,
          -32.7385924510918
        ]
      }
    },
    {
      "type": "Feature",
      "properties": {
        "Site ID": 367,
        "Governing LHN": "YNLHN",
        "Geographical LHN": "YNLHN",
        "Site Name": "Peterborough Soldier's Memorial Hospital",
        "Address": "23 Hurlstone Street ",
        "Suburb": "PETERBOROUGH",
        "Notes": null,
        "Search Address": "Peterborough Soldier's Memorial Hospital, 23 Hurlstone Street , PETERBOROUGH",
        "Latitude": -32.9806585531059,
        "Longitude": 138.83063455569
      },
      "geometry": {
        "type": "Point",
        "coordinates": [
          138.83063455569,
          -32.9806585531059
        ]
      }
    },
    {
      "type": "Feature",
      "properties": {
        "Site ID": 368,
        "Governing LHN": "YNLHN",
        "Geographical LHN": "YNLHN",
        "Site Name": "Port Broughton District Hospital and Health Service",
        "Address": "Bay Street",
        "Suburb": "PORT BROUGHTON",
        "Notes": null,
        "Search Address": "Port Broughton District Hospital and Health Service, Bay Street, PORT BROUGHTON",
        "Latitude": -33.600988548322,
        "Longitude": 137.933911717968
      },
      "geometry": {
        "type": "Point",
        "coordinates": [
          137.933911717968,
          -33.600988548322
        ]
      }
    },
    {
      "type": "Feature",
      "properties": {
        "Site ID": 369,
        "Governing LHN": "YNLHN",
        "Geographical LHN": "YNLHN",
        "Site Name": "Port Pirie Regional Health Service",
        "Address": "The Terrace and Alexander Street",
        "Suburb": "PORT PIRIE",
        "Notes": null,
        "Search Address": "Port Pirie Regional Health Service, The Terrace and Alexander Street, PORT PIRIE",
        "Latitude": -33.1773414546398,
        "Longitude": 138.004448468827
      },
      "geometry": {
        "type": "Point",
        "coordinates": [
          138.004448468827,
          -33.1773414546398
        ]
      }
    },
    {
      "type": "Feature",
      "properties": {
        "Site ID": 370,
        "Governing LHN": "YNLHN",
        "Geographical LHN": "YNLHN",
        "Site Name": "Riverton District Soldiers’ Memorial Hospital",
        "Address": "Moorhouse Terrace",
        "Suburb": "RIVERTON",
        "Notes": null,
        "Search Address": "Riverton District Soldiers’ Memorial Hospital, Moorhouse Terrace, RIVERTON",
        "Latitude": -34.1603503584567,
        "Longitude": 138.742640960632
      },
      "geometry": {
        "type": "Point",
        "coordinates": [
          138.742640960632,
          -34.1603503584567
        ]
      }
    },
    {
      "type": "Feature",
      "properties": {
        "Site ID": 371,
        "Governing LHN": "YNLHN",
        "Geographical LHN": "YNLHN",
        "Site Name": "Snowtown Hospital",
        "Address": "70 Railway Terrace",
        "Suburb": "SNOWTOWN",
        "Notes": null,
        "Search Address": "Snowtown Hospital, 70 Railway Terrace, SNOWTOWN",
        "Latitude": -33.7870342336553,
        "Longitude": 138.212540494189
      },
      "geometry": {
        "type": "Point",
        "coordinates": [
          138.212540494189,
          -33.7870342336553
        ]
      }
    },
    {
      "type": "Feature",
      "properties": {
        "Site ID": 372,
        "Governing LHN": "YNLHN",
        "Geographical LHN": "YNLHN",
        "Site Name": "Southern Yorke Peninsula Health Service (Yorketown)",
        "Address": "19 Waterloo Bay Road",
        "Suburb": "YORKETOWN",
        "Notes": null,
        "Search Address": "Southern Yorke Peninsula Health Service (Yorketown), 19 Waterloo Bay Road, YORKETOWN",
        "Latitude": -35.0211953253611,
        "Longitude": 137.604974059875
      },
      "geometry": {
        "type": "Point",
        "coordinates": [
          137.604974059875,
          -35.0211953253611
        ]
      }
    },
    {
      "type": "Feature",
      "properties": {
        "Site ID": 373,
        "Governing LHN": "YNLHN",
        "Geographical LHN": "YNLHN",
        "Site Name": "Yorke Peninsula Community Mental Health Services",
        "Address": "10 Warooka Road",
        "Suburb": "YORKETOWN",
        "Notes": null,
        "Search Address": "Yorke Peninsula Community Mental Health Services, 10 Warooka Road, YORKETOWN",
        "Latitude": -35.0212057772323,
        "Longitude": 137.60493654634
      },
      "geometry": {
        "type": "Point",
        "coordinates": [
          137.60493654634,
          -35.0212057772323
        ]
      }
    },
    {
      "type": "Feature",
      "properties": {
        "Site ID": 374,
        "Governing LHN": "WCHN",
        "Geographical LHN": "BHFLHN",
        "Site Name": "CAMHS - Mount Barker",
        "Address": "23 Victoria Crescent ",
        "Suburb": "MOUNT BARKER",
        "Notes": null,
        "Search Address": "CAMHS - Mount Barker, 23 Victoria Crescent , MOUNT BARKER",
        "Latitude": -35.0695132462744,
        "Longitude": 138.865134055167
      },
      "geometry": {
        "type": "Point",
        "coordinates": [
          138.865134055167,
          -35.0695132462744
        ]
      }
    },
    {
      "type": "Feature",
      "properties": {
        "Site ID": 375,
        "Governing LHN": "WCHN",
        "Geographical LHN": "BHFLHN",
        "Site Name": "CAFHS - Nuriootpa",
        "Address": "Corner First and Second Streets",
        "Suburb": "NURIOOTPA",
        "Notes": null,
        "Search Address": "CAFHS - Nuriootpa, Corner First and Second Streets, NURIOOTPA",
        "Latitude": -34.4702983267401,
        "Longitude": 138.996151276257
      },
      "geometry": {
        "type": "Point",
        "coordinates": [
          138.996151276257,
          -34.4702983267401
        ]
      }
    },
    {
      "type": "Feature",
      "properties": {
        "Site ID": 376,
        "Governing LHN": "WCHN",
        "Geographical LHN": "CALHN",
        "Site Name": "3D Health",
        "Address": "107 Sir Donald Bradman Drive",
        "Suburb": "HILTON",
        "Notes": null,
        "Search Address": "3D Health, 107 Sir Donald Bradman Drive, HILTON",
        "Latitude": -34.9321775310102,
        "Longitude": 138.567143013461
      },
      "geometry": {
        "type": "Point",
        "coordinates": [
          138.567143013461,
          -34.9321775310102
        ]
      }
    },
    {
      "type": "Feature",
      "properties": {
        "Site ID": 377,
        "Governing LHN": "WCHN",
        "Geographical LHN": "CALHN",
        "Site Name": "CAFHS - Adelaide",
        "Address": "295 South Terrace",
        "Suburb": "ADELAIDE",
        "Notes": null,
        "Search Address": "CAFHS - Adelaide, 295 South Terrace, ADELAIDE",
        "Latitude": -34.9349895201382,
        "Longitude": 138.610308673479
      },
      "geometry": {
        "type": "Point",
        "coordinates": [
          138.610308673479,
          -34.9349895201382
        ]
      }
    },
    {
      "type": "Feature",
      "properties": {
        "Site ID": 378,
        "Governing LHN": "WCHN",
        "Geographical LHN": "CALHN",
        "Site Name": "CAFHS - Cowandilla",
        "Address": "34 Wilson Street",
        "Suburb": "COWANDILLA",
        "Notes": null,
        "Search Address": "CAFHS - Cowandilla, 34 Wilson Street, COWANDILLA",
        "Latitude": -34.9341239141164,
        "Longitude": 138.557434718306
      },
      "geometry": {
        "type": "Point",
        "coordinates": [
          138.557434718306,
          -34.9341239141164
        ]
      }
    },
    {
      "type": "Feature",
      "properties": {
        "Site ID": 379,
        "Governing LHN": "WCHN",
        "Geographical LHN": "CALHN",
        "Site Name": "CAFHS - Port Adelaide",
        "Address": "253 Commercial Road",
        "Suburb": "PORT ADELAIDE",
        "Notes": null,
        "Search Address": "CAFHS - Port Adelaide, 253 Commercial Road, PORT ADELAIDE",
        "Latitude": -34.8492266045184,
        "Longitude": 138.50901176992
      },
      "geometry": {
        "type": "Point",
        "coordinates": [
          138.50901176992,
          -34.8492266045184
        ]
      }
    },
    {
      "type": "Feature",
      "properties": {
        "Site ID": 380,
        "Governing LHN": "WCHN",
        "Geographical LHN": "CALHN",
        "Site Name": "CAFHS - Woodville",
        "Address": "795 Port Road",
        "Suburb": "WOODVILLE",
        "Notes": null,
        "Search Address": "CAFHS - Woodville, 795 Port Road, WOODVILLE",
        "Latitude": -34.8798555946391,
        "Longitude": 138.534827402914
      },
      "geometry": {
        "type": "Point",
        "coordinates": [
          138.534827402914,
          -34.8798555946391
        ]
      }
    },
    {
      "type": "Feature",
      "properties": {
        "Site ID": 381,
        "Governing LHN": "WCHN",
        "Geographical LHN": "CALHN",
        "Site Name": "CAMHS - Central Metropolitan - Western Team",
        "Address": "78-80 Dale Street",
        "Suburb": "PORT ADELAIDE",
        "Notes": null,
        "Search Address": "CAMHS - Central Metropolitan - Western Team, 78-80 Dale Street, PORT ADELAIDE",
        "Latitude": -34.846819143086,
        "Longitude": 138.505119307381
      },
      "geometry": {
        "type": "Point",
        "coordinates": [
          138.505119307381,
          -34.846819143086
        ]
      }
    },
    {
      "type": "Feature",
      "properties": {
        "Site ID": 382,
        "Governing LHN": "WCHN",
        "Geographical LHN": "WCHN",
        "Site Name": "CAMHS Connect - WCHN",
        "Address": "55 King William Road ",
        "Suburb": "NORTH ADELAIDE ",
        "Notes": null,
        "Search Address": "CAMHS Connect - WCHN, 55 King William Road , NORTH ADELAIDE ",
        "Latitude": -34.9109191924702,
        "Longitude": 138.598699164506
      },
      "geometry": {
        "type": "Point",
        "coordinates": [
          138.598699164506,
          -34.9109191924702
        ]
      }
    },
    {
      "type": "Feature",
      "properties": {
        "Site ID": 383,
        "Governing LHN": "WCHN",
        "Geographical LHN": "WCHN",
        "Site Name": "SA Pharmacy - Women's and Children's Hospital (WCHN)",
        "Address": "78 King William Road",
        "Suburb": "NORTH ADELAIDE",
        "Notes": null,
        "Search Address": "SA Pharmacy - Women's and Children's Hospital (WCHN), 78 King William Road, NORTH ADELAIDE",
        "Latitude": -34.9120226093349,
        "Longitude": 138.600242838635
      },
      "geometry": {
        "type": "Point",
        "coordinates": [
          138.600242838635,
          -34.9120226093349
        ]
      }
    },
    {
      "type": "Feature",
      "properties": {
        "Site ID": 386,
        "Governing LHN": "WCHN",
        "Geographical LHN": "WCHN",
        "Site Name": "WCHN Genetics Department",
        "Address": "Level 2, 55 King William Road",
        "Suburb": "NORTH ADELAIDE ",
        "Notes": null,
        "Search Address": "WCHN Genetics Department, Level 2, 55 King William Road, NORTH ADELAIDE ",
        "Latitude": -34.9108843796035,
        "Longitude": 138.599486223106
      },
      "geometry": {
        "type": "Point",
        "coordinates": [
          138.599486223106,
          -34.9108843796035
        ]
      }
    },
    {
      "type": "Feature",
      "properties": {
        "Site ID": 384,
        "Governing LHN": "WCHN",
        "Geographical LHN": "WCHN",
        "Site Name": "WCHN Media and Comms Department",
        "Address": "Level 2, 55 King William Road",
        "Suburb": "NORTH ADELAIDE ",
        "Notes": null,
        "Search Address": "WCHN Media and Comms Department, Level 2, 55 King William Road, NORTH ADELAIDE ",
        "Latitude": -34.9108843796035,
        "Longitude": 138.599486223106
      },
      "geometry": {
        "type": "Point",
        "coordinates": [
          138.599486223106,
          -34.9108843796035
        ]
      }
    },
    {
      "type": "Feature",
      "properties": {
        "Site ID": 385,
        "Governing LHN": "WCHN",
        "Geographical LHN": "WCHN",
        "Site Name": "WCHN Research Ethics and Governance",
        "Address": "Level 2, 55 King William Road",
        "Suburb": "NORTH ADELAIDE ",
        "Notes": null,
        "Search Address": "WCHN Research Ethics and Governance, Level 2, 55 King William Road, NORTH ADELAIDE ",
        "Latitude": -34.9108843796035,
        "Longitude": 138.599486223106
      },
      "geometry": {
        "type": "Point",
        "coordinates": [
          138.599486223106,
          -34.9108843796035
        ]
      }
    },
    {
      "type": "Feature",
      "properties": {
        "Site ID": 387,
        "Governing LHN": "WCHN",
        "Geographical LHN": "WCHN",
        "Site Name": "WCHN Safety and Quality Unit",
        "Address": "Level 2, 77 King William Road",
        "Suburb": "NORTH ADELAIDE ",
        "Notes": null,
        "Search Address": "WCHN Safety and Quality Unit, Level 2, 77 King William Road, NORTH ADELAIDE ",
        "Latitude": -34.9109072978292,
        "Longitude": 138.598705264292
      },
      "geometry": {
        "type": "Point",
        "coordinates": [
          138.598705264292,
          -34.9109072978292
        ]
      }
    },
    {
      "type": "Feature",
      "properties": {
        "Site ID": 389,
        "Governing LHN": "WCHN",
        "Geographical LHN": "WCHN",
        "Site Name": "WCHN Child Protection Services",
        "Address": "Level 3, 77 King William Road",
        "Suburb": "NORTH ADELAIDE ",
        "Notes": null,
        "Search Address": "WCHN Child Protection Services, Level 3, 77 King William Road, NORTH ADELAIDE ",
        "Latitude": -34.9109072978292,
        "Longitude": 138.598705264292
      },
      "geometry": {
        "type": "Point",
        "coordinates": [
          138.598705264292,
          -34.9109072978292
        ]
      }
    },
    {
      "type": "Feature",
      "properties": {
        "Site ID": 390,
        "Governing LHN": "WCHN",
        "Geographical LHN": "WCHN",
        "Site Name": "Women’s and Children’s Hospital",
        "Address": "72 King William Road",
        "Suburb": "NORTH ADELAIDE",
        "Notes": null,
        "Search Address": "Women’s and Children’s Hospital, 72 King William Road, NORTH ADELAIDE",
        "Latitude": -34.9119077544316,
        "Longitude": 138.599886718041
      },
      "geometry": {
        "type": "Point",
        "coordinates": [
          138.599886718041,
          -34.9119077544316
        ]
      }
    },
    {
      "type": "Feature",
      "properties": {
        "Site ID": 391,
        "Governing LHN": "WCHN",
        "Geographical LHN": "CALHN",
        "Site Name": "Yarrow Place and Womer’s Safety",
        "Address": "64 Pennington Terrace ",
        "Suburb": "NORTH ADELAIDE",
        "Notes": null,
        "Search Address": "Yarrow Place and Women’s Safety, 64 Pennington Terrace , NORTH ADELAIDE",
        "Latitude": -34.9126213874644,
        "Longitude": 138.595965861293
      },
      "geometry": {
        "type": "Point",
        "coordinates": [
          138.595965861293,
          -34.9126213874644
        ]
      }
    },
    {
      "type": "Feature",
      "properties": {
        "Site ID": 392,
        "Governing LHN": "WCHN",
        "Geographical LHN": "FUNLHN",
        "Site Name": "CAFHS - Port Augusta",
        "Address": "5 Young Street ",
        "Suburb": "PORT AUGUSTA",
        "Notes": null,
        "Search Address": "CAFHS - Port Augusta, 5 Young Street , PORT AUGUSTA",
        "Latitude": -32.4904149427561,
        "Longitude": 137.765882285885
      },
      "geometry": {
        "type": "Point",
        "coordinates": [
          137.765882285885,
          -32.4904149427561
        ]
      }
    },
    {
      "type": "Feature",
      "properties": {
        "Site ID": 393,
        "Governing LHN": "WCHN",
        "Geographical LHN": "FUNLHN",
        "Site Name": "CAFHS - Whyalla",
        "Address": "51 Playford Avenue ",
        "Suburb": "WHYALLA PLAYFORD",
        "Notes": null,
        "Search Address": "CAFHS - Whyalla, 51 Playford Avenue , WHYALLA PLAYFORD",
        "Latitude": -33.0303147025932,
        "Longitude": 137.567123854029
      },
      "geometry": {
        "type": "Point",
        "coordinates": [
          137.567123854029,
          -33.0303147025932
        ]
      }
    },
    {
      "type": "Feature",
      "properties": {
        "Site ID": 394,
        "Governing LHN": "WCHN",
        "Geographical LHN": "CALHN",
        "Site Name": "CAFHS - Angle Park Children’s Centre",
        "Address": "50 Trafford Street",
        "Suburb": "ANGLE PARK",
        "Notes": null,
        "Search Address": "CAFHS - Angle Park Children’s Centre, 50 Trafford Street, ANGLE PARK",
        "Latitude": -34.8582100268666,
        "Longitude": 138.557064598762
      },
      "geometry": {
        "type": "Point",
        "coordinates": [
          138.557064598762,
          -34.8582100268666
        ]
      }
    },
    {
      "type": "Feature",
      "properties": {
        "Site ID": 395,
        "Governing LHN": "WCHN",
        "Geographical LHN": "NALHN",
        "Site Name": "CAFHS - Elizabeth",
        "Address": "1 Frobisher Road",
        "Suburb": "ELIZABETH",
        "Notes": null,
        "Search Address": "CAFHS - Elizabeth, 1 Frobisher Road, ELIZABETH",
        "Latitude": -34.7185925942353,
        "Longitude": 138.670206421189
      },
      "geometry": {
        "type": "Point",
        "coordinates": [
          138.670206421189,
          -34.7185925942353
        ]
      }
    },
    {
      "type": "Feature",
      "properties": {
        "Site ID": 396,
        "Governing LHN": "WCHN",
        "Geographical LHN": "NALHN",
        "Site Name": "CAFHS - Elizabeth Grove",
        "Address": "Gunther Street",
        "Suburb": "ELIZABETH GROVE",
        "Notes": null,
        "Search Address": "CAFHS - Elizabeth Grove, Gunther Street, ELIZABETH GROVE",
        "Latitude": -34.732723363329,
        "Longitude": 138.670372019313
      },
      "geometry": {
        "type": "Point",
        "coordinates": [
          138.670372019313,
          -34.732723363329
        ]
      }
    },
    {
      "type": "Feature",
      "properties": {
        "Site ID": 397,
        "Governing LHN": "WCHN",
        "Geographical LHN": "NALHN",
        "Site Name": "CAFHS - Ingle Farm",
        "Address": "2 Belalie Road",
        "Suburb": "INGLE FARM",
        "Notes": null,
        "Search Address": "CAFHS - Ingle Farm, 2 Belalie Road, INGLE FARM",
        "Latitude": -34.8272120834008,
        "Longitude": 138.642839128373
      },
      "geometry": {
        "type": "Point",
        "coordinates": [
          138.642839128373,
          -34.8272120834008
        ]
      }
    },
    {
      "type": "Feature",
      "properties": {
        "Site ID": 398,
        "Governing LHN": "WCHN",
        "Geographical LHN": "NALHN",
        "Site Name": "CAFHS - Munno Para",
        "Address": "Anderson Walk/Morialta Drive",
        "Suburb": "SMITHFIELD",
        "Notes": null,
        "Search Address": "CAFHS - Munno Para, Anderson Walk/Morialta Drive, SMITHFIELD",
        "Latitude": -34.6830440812575,
        "Longitude": 138.688818371533
      },
      "geometry": {
        "type": "Point",
        "coordinates": [
          138.688818371533,
          -34.6830440812575
        ]
      }
    },
    {
      "type": "Feature",
      "properties": {
        "Site ID": 399,
        "Governing LHN": "WCHN",
        "Geographical LHN": "NALHN",
        "Site Name": "CAFHS - Salisbury",
        "Address": "23 Wiltshire Street",
        "Suburb": "SALISBURY",
        "Notes": null,
        "Search Address": "CAFHS - Salisbury, 23 Wiltshire Street, SALISBURY",
        "Latitude": -34.7620789423129,
        "Longitude": 138.648528555616
      },
      "geometry": {
        "type": "Point",
        "coordinates": [
          138.648528555616,
          -34.7620789423129
        ]
      }
    },
    {
      "type": "Feature",
      "properties": {
        "Site ID": 400,
        "Governing LHN": "WCHN",
        "Geographical LHN": "NALHN",
        "Site Name": "CAFHS - Salisbury",
        "Address": "59-61 Commercial Road ",
        "Suburb": "SALISBURY",
        "Notes": null,
        "Search Address": "CAFHS - Salisbury, 59-61 Commercial Road , SALISBURY",
        "Latitude": -34.7607796859214,
        "Longitude": 138.649451724843
      },
      "geometry": {
        "type": "Point",
        "coordinates": [
          138.649451724843,
          -34.7607796859214
        ]
      }
    },
    {
      "type": "Feature",
      "properties": {
        "Site ID": 401,
        "Governing LHN": "WCHN",
        "Geographical LHN": "CALHN",
        "Site Name": "Metropolitan Youth Heath - Angle Park",
        "Address": "Unit 1 40-44 Trafford Street",
        "Suburb": "ANGLE PARK",
        "Notes": null,
        "Search Address": "Metropolitan Youth Heath - Angle Park, Unit 1 40-44 Trafford Street, ANGLE PARK",
        "Latitude": -34.8590171035976,
        "Longitude": 138.557159204327
      },
      "geometry": {
        "type": "Point",
        "coordinates": [
          138.557159204327,
          -34.8590171035976
        ]
      }
    },
    {
      "type": "Feature",
      "properties": {
        "Site ID": 402,
        "Governing LHN": "WCHN",
        "Geographical LHN": "NALHN",
        "Site Name": "CAMHS - Central Metropolitan - Eastern Team",
        "Address": "55 Watson Avenue ",
        "Suburb": "ENFIELD",
        "Notes": null,
        "Search Address": "CAMHS - Central Metropolitan - Eastern Team, 55 Watson Avenue , ENFIELD",
        "Latitude": -34.869925545657,
        "Longitude": 138.609692033173
      },
      "geometry": {
        "type": "Point",
        "coordinates": [
          138.609692033173,
          -34.869925545657
        ]
      }
    },
    {
      "type": "Feature",
      "properties": {
        "Site ID": 403,
        "Governing LHN": "WCHN",
        "Geographical LHN": "NALHN",
        "Site Name": "CAMHS - Northern Metropolitan",
        "Address": "50 Elizabeth Way",
        "Suburb": "ELIZABETH",
        "Notes": null,
        "Search Address": "CAMHS - Northern Metropolitan, 50 Elizabeth Way, ELIZABETH",
        "Latitude": -34.7181650272445,
        "Longitude": 138.668341681745
      },
      "geometry": {
        "type": "Point",
        "coordinates": [
          138.668341681745,
          -34.7181650272445
        ]
      }
    },
    {
      "type": "Feature",
      "properties": {
        "Site ID": 404,
        "Governing LHN": "WCHN",
        "Geographical LHN": "RMCLHN",
        "Site Name": "CAFHS - Murray Bridge",
        "Address": "11A West Terrace ",
        "Suburb": "MURRAY BRIDGE",
        "Notes": null,
        "Search Address": "CAFHS - Murray Bridge, 11A West Terrace , MURRAY BRIDGE",
        "Latitude": -35.1173989743787,
        "Longitude": 139.271585491052
      },
      "geometry": {
        "type": "Point",
        "coordinates": [
          139.271585491052,
          -35.1173989743787
        ]
      }
    },
    {
      "type": "Feature",
      "properties": {
        "Site ID": 405,
        "Governing LHN": "WCHN",
        "Geographical LHN": "RMCLHN",
        "Site Name": "CAMHS - Murray Bridge",
        "Address": "U4/2 Sturt Reserve Road",
        "Suburb": "MURRAY BRIDGE",
        "Notes": null,
        "Search Address": "CAMHS - Murray Bridge, U4/2 Sturt Reserve Road, MURRAY BRIDGE",
        "Latitude": -35.1214474285071,
        "Longitude": 139.27817640777
      },
      "geometry": {
        "type": "Point",
        "coordinates": [
          139.27817640777,
          -35.1214474285071
        ]
      }
    },
    {
      "type": "Feature",
      "properties": {
        "Site ID": 406,
        "Governing LHN": "WCHN",
        "Geographical LHN": "RMCLHN",
        "Site Name": "CAMHS - Riverland",
        "Address": "Centre Point Mall, Shop 4/12 Denny Street ",
        "Suburb": "BERRI",
        "Notes": null,
        "Search Address": "CAMHS - Riverland, Centre Point Mall, Shop 4/12 Denny Street , BERRI",
        "Latitude": -34.2870972961368,
        "Longitude": 140.601220275798
      },
      "geometry": {
        "type": "Point",
        "coordinates": [
          140.601220275798,
          -34.2870972961368
        ]
      }
    },
    {
      "type": "Feature",
      "properties": {
        "Site ID": 407,
        "Governing LHN": "WCHN",
        "Geographical LHN": "SALHN",
        "Site Name": "CAFHS - Edwardstown",
        "Address": "2 Furness Avenue",
        "Suburb": "EDWARDSTOWN",
        "Notes": null,
        "Search Address": "CAFHS - Edwardstown, 2 Furness Avenue, EDWARDSTOWN",
        "Latitude": -34.9833017302715,
        "Longitude": 138.573315606486
      },
      "geometry": {
        "type": "Point",
        "coordinates": [
          138.573315606486,
          -34.9833017302715
        ]
      }
    },
    {
      "type": "Feature",
      "properties": {
        "Site ID": 408,
        "Governing LHN": "WCHN",
        "Geographical LHN": "SALHN",
        "Site Name": "CAFHS - Marion",
        "Address": "Marion Westfield, Sc/297 Diagonal Road",
        "Suburb": "OAKLANDS PARK",
        "Notes": null,
        "Search Address": "CAFHS - Marion, Marion Westfield, Sc/297 Diagonal Road, OAKLANDS PARK",
        "Latitude": -35.0156921920414,
        "Longitude": 138.546409713223
      },
      "geometry": {
        "type": "Point",
        "coordinates": [
          138.546409713223,
          -35.0156921920414
        ]
      }
    },
    {
      "type": "Feature",
      "properties": {
        "Site ID": 409,
        "Governing LHN": "WCHN",
        "Geographical LHN": "SALHN",
        "Site Name": "CAFHS - Morphett Vale",
        "Address": "211 Main South Road",
        "Suburb": "MORPHETT VALE",
        "Notes": null,
        "Search Address": "CAFHS - Morphett Vale, 211 Main South Road, MORPHETT VALE",
        "Latitude": -35.1181061420266,
        "Longitude": 138.522453105209
      },
      "geometry": {
        "type": "Point",
        "coordinates": [
          138.522453105209,
          -35.1181061420266
        ]
      }
    },
    {
      "type": "Feature",
      "properties": {
        "Site ID": 410,
        "Governing LHN": "WCHN",
        "Geographical LHN": "SALHN",
        "Site Name": "CAFHS - Seaford",
        "Address": "Main Street / Grand Boulevard",
        "Suburb": "SEAFORD",
        "Notes": null,
        "Search Address": "CAFHS - Seaford, Main Street / Grand Boulevard, SEAFORD",
        "Latitude": -35.1868752867271,
        "Longitude": 138.4799929626
      },
      "geometry": {
        "type": "Point",
        "coordinates": [
          138.4799929626,
          -35.1868752867271
        ]
      }
    },
    {
      "type": "Feature",
      "properties": {
        "Site ID": 411,
        "Governing LHN": "WCHN",
        "Geographical LHN": "SALHN",
        "Site Name": "CAMHS - Southern Metropolitan",
        "Address": "Unit 3/209 Main South Road",
        "Suburb": "MORPHETT VALE",
        "Notes": null,
        "Search Address": "CAMHS - Southern Metropolitan, Unit 3/209 Main South Road, MORPHETT VALE",
        "Latitude": -35.1184814828261,
        "Longitude": 138.521951086289
      },
      "geometry": {
        "type": "Point",
        "coordinates": [
          138.521951086289,
          -35.1184814828261
        ]
      }
    },
    {
      "type": "Feature",
      "properties": {
        "Site ID": 412,
        "Governing LHN": "WCHN",
        "Geographical LHN": "SALHN",
        "Site Name": "3D Health & Metropolitan Youth Health (MYH)",
        "Address": "50a Beach Road",
        "Suburb": "CHRISTIES BEACH",
        "Notes": null,
        "Search Address": "3D Health & Metropolitan Youth Health (MYH), 50a Beach Road, CHRISTIES BEACH",
        "Latitude": -35.1393298069726,
        "Longitude": 138.475858951698
      },
      "geometry": {
        "type": "Point",
        "coordinates": [
          138.475858951698,
          -35.1393298069726
        ]
      }
    },
    {
      "type": "Feature",
      "properties": {
        "Site ID": 413,
        "Governing LHN": "WCHN",
        "Geographical LHN": "WCHN",
        "Site Name": "CAMHS Connect - WCHN",
        "Address": "55 King William Road ",
        "Suburb": "NORTH ADELAIDE ",
        "Notes": null,
        "Search Address": "CAMHS Connect - WCHN, 55 King William Road , NORTH ADELAIDE ",
        "Latitude": -34.9109113557903,
        "Longitude": 138.598683764152
      },
      "geometry": {
        "type": "Point",
        "coordinates": [
          138.598683764152,
          -34.9109113557903
        ]
      }
    },
    {
      "type": "Feature",
      "properties": {
        "Site ID": 414,
        "Governing LHN": "WCHN",
        "Geographical LHN": "WCHN",
        "Site Name": "WCHN Media and Comms Department",
        "Address": "Level 2, 55 King William Road",
        "Suburb": "NORTH ADELAIDE ",
        "Notes": null,
        "Search Address": "WCHN Media and Comms Department, Level 2, 55 King William Road, NORTH ADELAIDE ",
        "Latitude": -34.9108843796035,
        "Longitude": 138.599486223106
      },
      "geometry": {
        "type": "Point",
        "coordinates": [
          138.599486223106,
          -34.9108843796035
        ]
      }
    },
    {
      "type": "Feature",
      "properties": {
        "Site ID": 415,
        "Governing LHN": "WCHN",
        "Geographical LHN": "WCHN",
        "Site Name": "WCHN Research Ethics & Governance",
        "Address": "Level 2, 55 King William Road",
        "Suburb": "NORTH ADELAIDE ",
        "Notes": null,
        "Search Address": "WCHN Research Ethics and Governance, Level 2, 55 King William Road, NORTH ADELAIDE ",
        "Latitude": -34.9108843796035,
        "Longitude": 138.599486223106
      },
      "geometry": {
        "type": "Point",
        "coordinates": [
          138.599486223106,
          -34.9108843796035
        ]
      }
    },
    {
      "type": "Feature",
      "properties": {
        "Site ID": 416,
        "Governing LHN": "WCHN",
        "Geographical LHN": "WCHN",
        "Site Name": "WCHN Genetics Department",
        "Address": "Level 2, 55 King William Road",
        "Suburb": "NORTH ADELAIDE ",
        "Notes": null,
        "Search Address": "WCHN Genetics Department, Level 2, 55 King William Road, NORTH ADELAIDE ",
        "Latitude": -34.9108843796035,
        "Longitude": 138.599486223106
      },
      "geometry": {
        "type": "Point",
        "coordinates": [
          138.599486223106,
          -34.9108843796035
        ]
      }
    },
    {
      "type": "Feature",
      "properties": {
        "Site ID": 417,
        "Governing LHN": "WCHN",
        "Geographical LHN": "WCHN",
        "Site Name": "WCH Safety and Quality Unit",
        "Address": "Level 2, 77 King William Road",
        "Suburb": "NORTH ADELAIDE ",
        "Notes": null,
        "Search Address": "WCHN Safety and Quality Unit, Level 2, 77 King William Road, NORTH ADELAIDE ",
        "Latitude": -34.9109072978292,
        "Longitude": 138.598705264292
      },
      "geometry": {
        "type": "Point",
        "coordinates": [
          138.598705264292,
          -34.9109072978292
        ]
      }
    },
    {
      "type": "Feature",
      "properties": {
        "Site ID": 418,
        "Governing LHN": "WCHN",
        "Geographical LHN": "WCHN",
        "Site Name": "WCHN Child Protection Services",
        "Address": "Level 3, 77 King William Road",
        "Suburb": "NORTH ADELAIDE ",
        "Notes": null,
        "Search Address": "WCHN Child Protection Services, Level 3, 77 King William Road, NORTH ADELAIDE ",
        "Latitude": -34.9109072978292,
        "Longitude": 138.598705264292
      },
      "geometry": {
        "type": "Point",
        "coordinates": [
          138.598705264292,
          -34.9109072978292
        ]
      }
    },
    {
      "type": "Feature",
      "properties": {
        "Site ID": 419,
        "Governing LHN": "WCHN",
        "Geographical LHN": "WCHN",
        "Site Name": "Women’s and Children’s Hospital",
        "Address": "72 King William Road",
        "Suburb": "NORTH ADELAIDE",
        "Notes": null,
        "Search Address": "Women’s and Children’s Hospital, 72 King William Road, NORTH ADELAIDE",
        "Latitude": -34.9119004973025,
        "Longitude": 138.599891882064
      },
      "geometry": {
        "type": "Point",
        "coordinates": [
          138.599891882064,
          -34.9119004973025
        ]
      }
    },
    {
      "type": "Feature",
      "properties": {
        "Site ID": 420,
        "Governing LHN": "WCHN",
        "Geographical LHN": "CALHN",
        "Site Name": "Yarrow Place and Womer’s Safety",
        "Address": "64 Pennington Terrace ",
        "Suburb": "NORTH ADELAIDE",
        "Notes": null,
        "Search Address": "Yarrow Place and Womer’s Safety, 64 Pennington Terrace , NORTH ADELAIDE",
        "Latitude": -34.9126213874644,
        "Longitude": 138.595965861293
      },
      "geometry": {
        "type": "Point",
        "coordinates": [
          138.595965861293,
          -34.9126213874644
        ]
      }
    },
    {
      "type": "Feature",
      "properties": {
        "Site ID": 421,
        "Governing LHN": "WCHN",
        "Geographical LHN": "YNLHN",
        "Site Name": "CAFHS - Port Pirie",
        "Address": "14 Fourth Street ",
        "Suburb": "PORT PIRIE WEST",
        "Notes": null,
        "Search Address": "CAFHS - Port Pirie, 14 Fourth Street , PORT PIRIE WEST",
        "Latitude": -33.1822897440329,
        "Longitude": 138.002424487783
      },
      "geometry": {
        "type": "Point",
        "coordinates": [
          138.002424487783,
          -33.1822897440329
        ]
      }
    },
    {
      "type": "Feature",
      "properties": {
        "Site ID": 422,
        "Governing LHN": "WCHN",
        "Geographical LHN": "YNLHN",
        "Site Name": "CAMHS - Country Northern",
        "Address": "59 Mary Elie Street ",
        "Suburb": "PORT PIRIE",
        "Notes": null,
        "Search Address": "CAMHS - Country Northern, 59 Mary Elie Street , PORT PIRIE",
        "Latitude": -33.1829056709108,
        "Longitude": 138.006102259582
      },
      "geometry": {
        "type": "Point",
        "coordinates": [
          138.006102259582,
          -33.1829056709108
        ]
      }
    },
    {
      "type": "Feature",
      "properties": {
        "Site ID": 423,
        "Governing LHN": "DHW",
        "Geographical LHN": "CALHN",
        "Site Name": "DHW - Australian Bragg Centre",
        "Address": "854 North Terrace",
        "Suburb": "ADELAIDE",
        "Notes": null,
        "Search Address": "DHW - Australian Bragg Centre, 854 North Terrace, ADELAIDE",
        "Latitude": -34.9216060569184,
        "Longitude": 138.590373213331
      },
      "geometry": {
        "type": "Point",
        "coordinates": [
          138.590373213331,
          -34.9216060569184
        ]
      }
    },
    {
      "type": "Feature",
      "properties": {
        "Site ID": 424,
        "Governing LHN": "DHW",
        "Geographical LHN": "CALHN",
        "Site Name": "DHW - Citi Centre Building",
        "Address": "11 Hindmarsh Square",
        "Suburb": "ADELAIDE",
        "Notes": null,
        "Search Address": "DHW - Citi Centre Building, 11 Hindmarsh Square, ADELAIDE",
        "Latitude": -34.9230751809247,
        "Longitude": 138.605100965801
      },
      "geometry": {
        "type": "Point",
        "coordinates": [
          138.605100965801,
          -34.9230751809247
        ]
      }
    },
    {
      "type": "Feature",
      "properties": {
        "Site ID": 425,
        "Governing LHN": "DHW",
        "Geographical LHN": "CALHN",
        "Site Name": "DHW - Naylor House",
        "Address": "191 Pulteney Street",
        "Suburb": "ADELAIDE",
        "Notes": null,
        "Search Address": "DHW - Naylor House, 191 Pulteney Street, ADELAIDE",
        "Latitude": -34.9264481254873,
        "Longitude": 138.605507856027
      },
      "geometry": {
        "type": "Point",
        "coordinates": [
          138.605507856027,
          -34.9264481254873
        ]
      }
    },
    {
      "type": "Feature",
      "properties": {
        "Site ID": 426,
        "Governing LHN": "DHW",
        "Geographical LHN": "NALHN",
        "Site Name": "DHW - SA Health Distribution Centre",
        "Address": "27 Matthews Road ",
        "Suburb": "GEPPS CROSS",
        "Notes": null,
        "Search Address": "DHW - SA Health Distribution Centre, 27 Matthews Road , GEPPS CROSS",
        "Latitude": -34.836572308998,
        "Longitude": 138.603563960106
      },
      "geometry": {
        "type": "Point",
        "coordinates": [
          138.603563960106,
          -34.836572308998
        ]
      }
    }
  ]
}
